[     435ms] [VERBOSE] [DOM] Input elements should have autocomplete attributes (suggested: "current-password"): (More info: https://goo.gl/9p2vKq) %o @ http://localhost:3001/profesional/login:0
[     498ms] [INFO] %cDownload the React DevTools for a better development experience: https://react.dev/link/react-devtools font-weight:bold @ http://localhost:3001/_next/static/chunks/node_modules_next_dist_1ybzpk2._.js:2477
[     540ms] [LOG] [HMR] connected @ http://localhost:3001/_next/static/chunks/node_modules_next_dist_1ybzpk2._.js:2477
[     698ms] [WARNING] Image with src "https://images.pexels.com/photos/3184292/pexels-photo-3184292.jpeg?auto=compress&cs=tinysrgb&w=1260&h=900&dpr=2" has "fill" but is missing "sizes" prop. Please add it to improve page performance. Read more: https://nextjs.org/docs/api-reference/next/image#sizes @ http://localhost:3001/_next/static/chunks/node_modules_next_dist_1ybzpk2._.js:2477
[   18754ms] [LOG] [Fast Refresh] rebuilding @ http://localhost:3001/_next/static/chunks/node_modules_next_dist_1ybzpk2._.js:2477
[   19052ms] [LOG] [Fast Refresh] done in 409ms @ http://localhost:3001/_next/static/chunks/node_modules_next_dist_1ybzpk2._.js:2477
[  203657ms] [LOG] [Fast Refresh] rebuilding @ http://localhost:3001/_next/static/chunks/node_modules_next_dist_1ybzpk2._.js:2477
[  203811ms] [LOG] [Fast Refresh] done in 261ms @ http://localhost:3001/_next/static/chunks/node_modules_next_dist_1ybzpk2._.js:2477
[  203949ms] [LOG] [Fast Refresh] rebuilding @ http://localhost:3001/_next/static/chunks/node_modules_next_dist_1ybzpk2._.js:2477
[  204011ms] [LOG] [Fast Refresh] done in 169ms @ http://localhost:3001/_next/static/chunks/node_modules_next_dist_1ybzpk2._.js:2477
[  253141ms] [LOG] [Fast Refresh] rebuilding @ http://localhost:3001/_next/static/chunks/node_modules_next_dist_1ybzpk2._.js:2477
[  253844ms] [LOG] [Fast Refresh] done in 611ms @ http://localhost:3001/_next/static/chunks/node_modules_next_dist_1ybzpk2._.js:2477
[  254198ms] [LOG] [Fast Refresh] rebuilding @ http://localhost:3001/_next/static/chunks/node_modules_next_dist_1ybzpk2._.js:2477
[  254231ms] [LOG] [Fast Refresh] done in 134ms @ http://localhost:3001/_next/static/chunks/node_modules_next_dist_1ybzpk2._.js:2477
[  254586ms] [LOG] [Fast Refresh] rebuilding @ http://localhost:3001/_next/static/chunks/node_modules_next_dist_1ybzpk2._.js:2477
[  254617ms] [LOG] [Fast Refresh] done in 131ms @ http://localhost:3001/_next/static/chunks/node_modules_next_dist_1ybzpk2._.js:2477
[  254813ms] [LOG] [Fast Refresh] rebuilding @ http://localhost:3001/_next/static/chunks/node_modules_next_dist_1ybzpk2._.js:2477
[  254872ms] [LOG] [Fast Refresh] done in 161ms @ http://localhost:3001/_next/static/chunks/node_modules_next_dist_1ybzpk2._.js:2477
[  255800ms] [LOG] [Fast Refresh] rebuilding @ http://localhost:3001/_next/static/chunks/node_modules_next_dist_1ybzpk2._.js:2477
[  255800ms] [LOG] [Fast Refresh] done in 105ms @ http://localhost:3001/_next/static/chunks/node_modules_next_dist_1ybzpk2._.js:2477
[  257534ms] [LOG] [Fast Refresh] rebuilding @ http://localhost:3001/_next/static/chunks/node_modules_next_dist_1ybzpk2._.js:2477
[  257539ms] [LOG] [Fast Refresh] done in 108ms @ http://localhost:3001/_next/static/chunks/node_modules_next_dist_1ybzpk2._.js:2477
[  258632ms] [LOG] [Fast Refresh] rebuilding @ http://localhost:3001/_next/static/chunks/node_modules_next_dist_1ybzpk2._.js:2477
[  258652ms] [LOG] [Fast Refresh] done in 122ms @ http://localhost:3001/_next/static/chunks/node_modules_next_dist_1ybzpk2._.js:2477
[  258786ms] [LOG] [Fast Refresh] rebuilding @ http://localhost:3001/_next/static/chunks/node_modules_next_dist_1ybzpk2._.js:2477
[  258799ms] [LOG] [Fast Refresh] done in 123ms @ http://localhost:3001/_next/static/chunks/node_modules_next_dist_1ybzpk2._.js:2477
[  259055ms] [LOG] [Fast Refresh] rebuilding @ http://localhost:3001/_next/static/chunks/node_modules_next_dist_1ybzpk2._.js:2477
[  259062ms] [LOG] [Fast Refresh] done in 107ms @ http://localhost:3001/_next/static/chunks/node_modules_next_dist_1ybzpk2._.js:2477
[  259285ms] [LOG] [Fast Refresh] rebuilding @ http://localhost:3001/_next/static/chunks/node_modules_next_dist_1ybzpk2._.js:2477
[  259346ms] [LOG] [Fast Refresh] done in 165ms @ http://localhost:3001/_next/static/chunks/node_modules_next_dist_1ybzpk2._.js:2477
[  259563ms] [LOG] [Fast Refresh] rebuilding @ http://localhost:3001/_next/static/chunks/node_modules_next_dist_1ybzpk2._.js:2477
[  259577ms] [LOG] [Fast Refresh] done in 115ms @ http://localhost:3001/_next/static/chunks/node_modules_next_dist_1ybzpk2._.js:2477
[  259961ms] [LOG] [Fast Refresh] rebuilding @ http://localhost:3001/_next/static/chunks/node_modules_next_dist_1ybzpk2._.js:2477
[  259966ms] [LOG] [Fast Refresh] done in 115ms @ http://localhost:3001/_next/static/chunks/node_modules_next_dist_1ybzpk2._.js:2477
[  261776ms] [LOG] [Fast Refresh] rebuilding @ http://localhost:3001/_next/static/chunks/node_modules_next_dist_1ybzpk2._.js:2477
[  261812ms] [LOG] [Fast Refresh] done in 140ms @ http://localhost:3001/_next/static/chunks/node_modules_next_dist_1ybzpk2._.js:2477
[  262091ms] [LOG] [Fast Refresh] rebuilding @ http://localhost:3001/_next/static/chunks/node_modules_next_dist_1ybzpk2._.js:2477
[  262104ms] [LOG] [Fast Refresh] done in 117ms @ http://localhost:3001/_next/static/chunks/node_modules_next_dist_1ybzpk2._.js:2477
[  262763ms] [LOG] [Fast Refresh] rebuilding @ http://localhost:3001/_next/static/chunks/node_modules_next_dist_1ybzpk2._.js:2477
[  262824ms] [LOG] [Fast Refresh] done in 166ms @ http://localhost:3001/_next/static/chunks/node_modules_next_dist_1ybzpk2._.js:2477
[  264163ms] [LOG] [Fast Refresh] rebuilding @ http://localhost:3001/_next/static/chunks/node_modules_next_dist_1ybzpk2._.js:2477
[  264183ms] [LOG] [Fast Refresh] done in 127ms @ http://localhost:3001/_next/static/chunks/node_modules_next_dist_1ybzpk2._.js:2477
[  264294ms] [LOG] [Fast Refresh] rebuilding @ http://localhost:3001/_next/static/chunks/node_modules_next_dist_1ybzpk2._.js:2477
[  264330ms] [LOG] [Fast Refresh] done in 146ms @ http://localhost:3001/_next/static/chunks/node_modules_next_dist_1ybzpk2._.js:2477
[  264433ms] [LOG] [Fast Refresh] rebuilding @ http://localhost:3001/_next/static/chunks/node_modules_next_dist_1ybzpk2._.js:2477
[  264474ms] [LOG] [Fast Refresh] done in 143ms @ http://localhost:3001/_next/static/chunks/node_modules_next_dist_1ybzpk2._.js:2477
[  265537ms] [LOG] [Fast Refresh] rebuilding @ http://localhost:3001/_next/static/chunks/node_modules_next_dist_1ybzpk2._.js:2477
[  265901ms] [LOG] [Fast Refresh] done in 468ms @ http://localhost:3001/_next/static/chunks/node_modules_next_dist_1ybzpk2._.js:2477
[  266246ms] [LOG] [Fast Refresh] rebuilding @ http://localhost:3001/_next/static/chunks/node_modules_next_dist_1ybzpk2._.js:2477
[  266253ms] [LOG] [Fast Refresh] done in 109ms @ http://localhost:3001/_next/static/chunks/node_modules_next_dist_1ybzpk2._.js:2477
[  266524ms] [LOG] [Fast Refresh] rebuilding @ http://localhost:3001/_next/static/chunks/node_modules_next_dist_1ybzpk2._.js:2477
[  266545ms] [LOG] [Fast Refresh] done in 132ms @ http://localhost:3001/_next/static/chunks/node_modules_next_dist_1ybzpk2._.js:2477
[  266788ms] [LOG] [Fast Refresh] rebuilding @ http://localhost:3001/_next/static/chunks/node_modules_next_dist_1ybzpk2._.js:2477
[  266864ms] [LOG] [Fast Refresh] done in 187ms @ http://localhost:3001/_next/static/chunks/node_modules_next_dist_1ybzpk2._.js:2477
[  267097ms] [LOG] [Fast Refresh] rebuilding @ http://localhost:3001/_next/static/chunks/node_modules_next_dist_1ybzpk2._.js:2477
[  267108ms] [LOG] [Fast Refresh] done in 117ms @ http://localhost:3001/_next/static/chunks/node_modules_next_dist_1ybzpk2._.js:2477
[  267778ms] [LOG] [Fast Refresh] rebuilding @ http://localhost:3001/_next/static/chunks/node_modules_next_dist_1ybzpk2._.js:2477
[  267794ms] [LOG] [Fast Refresh] done in 122ms @ http://localhost:3001/_next/static/chunks/node_modules_next_dist_1ybzpk2._.js:2477
[  268453ms] [LOG] [Fast Refresh] rebuilding @ http://localhost:3001/_next/static/chunks/node_modules_next_dist_1ybzpk2._.js:2477
[  268456ms] [LOG] [Fast Refresh] done in 105ms @ http://localhost:3001/_next/static/chunks/node_modules_next_dist_1ybzpk2._.js:2477
[  268738ms] [LOG] [Fast Refresh] rebuilding @ http://localhost:3001/_next/static/chunks/node_modules_next_dist_1ybzpk2._.js:2477
[  268749ms] [LOG] [Fast Refresh] done in 110ms @ http://localhost:3001/_next/static/chunks/node_modules_next_dist_1ybzpk2._.js:2477
[  269011ms] [LOG] [Fast Refresh] rebuilding @ http://localhost:3001/_next/static/chunks/node_modules_next_dist_1ybzpk2._.js:2477
[  269036ms] [LOG] [Fast Refresh] done in 131ms @ http://localhost:3001/_next/static/chunks/node_modules_next_dist_1ybzpk2._.js:2477
[  270439ms] [LOG] [Fast Refresh] rebuilding @ http://localhost:3001/_next/static/chunks/node_modules_next_dist_1ybzpk2._.js:2477
[  270444ms] [LOG] [Fast Refresh] done in 108ms @ http://localhost:3001/_next/static/chunks/node_modules_next_dist_1ybzpk2._.js:2477
[  270591ms] [LOG] [Fast Refresh] rebuilding @ http://localhost:3001/_next/static/chunks/node_modules_next_dist_1ybzpk2._.js:2477
[  270622ms] [LOG] [Fast Refresh] done in 140ms @ http://localhost:3001/_next/static/chunks/node_modules_next_dist_1ybzpk2._.js:2477
[  270857ms] [LOG] [Fast Refresh] rebuilding @ http://localhost:3001/_next/static/chunks/node_modules_next_dist_1ybzpk2._.js:2477
[  270880ms] [LOG] [Fast Refresh] done in 126ms @ http://localhost:3001/_next/static/chunks/node_modules_next_dist_1ybzpk2._.js:2477
[  272086ms] [LOG] [Fast Refresh] rebuilding @ http://localhost:3001/_next/static/chunks/node_modules_next_dist_1ybzpk2._.js:2477
[  272086ms] [LOG] [Fast Refresh] done in 106ms @ http://localhost:3001/_next/static/chunks/node_modules_next_dist_1ybzpk2._.js:2477
[  272793ms] [LOG] [Fast Refresh] rebuilding @ http://localhost:3001/_next/static/chunks/node_modules_next_dist_1ybzpk2._.js:2477
[  272800ms] [LOG] [Fast Refresh] done in 113ms @ http://localhost:3001/_next/static/chunks/node_modules_next_dist_1ybzpk2._.js:2477
[  273020ms] [LOG] [Fast Refresh] rebuilding @ http://localhost:3001/_next/static/chunks/node_modules_next_dist_1ybzpk2._.js:2477
[  273042ms] [LOG] [Fast Refresh] done in 126ms @ http://localhost:3001/_next/static/chunks/node_modules_next_dist_1ybzpk2._.js:2477
[  273416ms] [LOG] [Fast Refresh] rebuilding @ http://localhost:3001/_next/static/chunks/node_modules_next_dist_1ybzpk2._.js:2477
[  273439ms] [LOG] [Fast Refresh] done in 128ms @ http://localhost:3001/_next/static/chunks/node_modules_next_dist_1ybzpk2._.js:2477
[  273660ms] [LOG] [Fast Refresh] rebuilding @ http://localhost:3001/_next/static/chunks/node_modules_next_dist_1ybzpk2._.js:2477
[  273870ms] [LOG] [Fast Refresh] done in 321ms @ http://localhost:3001/_next/static/chunks/node_modules_next_dist_1ybzpk2._.js:2477
[  274079ms] [LOG] [Fast Refresh] rebuilding @ http://localhost:3001/_next/static/chunks/node_modules_next_dist_1ybzpk2._.js:2477
[  274252ms] [LOG] [Fast Refresh] done in 276ms @ http://localhost:3001/_next/static/chunks/node_modules_next_dist_1ybzpk2._.js:2477
[  275767ms] [LOG] [Fast Refresh] rebuilding @ http://localhost:3001/_next/static/chunks/node_modules_next_dist_1ybzpk2._.js:2477
[  275908ms] [LOG] [Fast Refresh] done in 247ms @ http://localhost:3001/_next/static/chunks/node_modules_next_dist_1ybzpk2._.js:2477
[  276181ms] [LOG] [Fast Refresh] rebuilding @ http://localhost:3001/_next/static/chunks/node_modules_next_dist_1ybzpk2._.js:2477
[  276231ms] [LOG] [Fast Refresh] done in 153ms @ http://localhost:3001/_next/static/chunks/node_modules_next_dist_1ybzpk2._.js:2477
[  276460ms] [LOG] [Fast Refresh] rebuilding @ http://localhost:3001/_next/static/chunks/node_modules_next_dist_1ybzpk2._.js:2477
[  276501ms] [LOG] [Fast Refresh] done in 146ms @ http://localhost:3001/_next/static/chunks/node_modules_next_dist_1ybzpk2._.js:2477
[  276606ms] [LOG] [Fast Refresh] rebuilding @ http://localhost:3001/_next/static/chunks/node_modules_next_dist_1ybzpk2._.js:2477
[  276832ms] [LOG] [Fast Refresh] done in 331ms @ http://localhost:3001/_next/static/chunks/node_modules_next_dist_1ybzpk2._.js:2477
[  276992ms] [LOG] [Fast Refresh] rebuilding @ http://localhost:3001/_next/static/chunks/node_modules_next_dist_1ybzpk2._.js:2477
[  277164ms] [LOG] [Fast Refresh] done in 277ms @ http://localhost:3001/_next/static/chunks/node_modules_next_dist_1ybzpk2._.js:2477
[  277915ms] [LOG] [Fast Refresh] rebuilding @ http://localhost:3001/_next/static/chunks/node_modules_next_dist_1ybzpk2._.js:2477
[  278097ms] [LOG] [Fast Refresh] done in 286ms @ http://localhost:3001/_next/static/chunks/node_modules_next_dist_1ybzpk2._.js:2477
[  278307ms] [LOG] [Fast Refresh] rebuilding @ http://localhost:3001/_next/static/chunks/node_modules_next_dist_1ybzpk2._.js:2477
[  278557ms] [LOG] [Fast Refresh] done in 353ms @ http://localhost:3001/_next/static/chunks/node_modules_next_dist_1ybzpk2._.js:2477
[  278742ms] [LOG] [Fast Refresh] rebuilding @ http://localhost:3001/_next/static/chunks/node_modules_next_dist_1ybzpk2._.js:2477
[  279005ms] [LOG] [Fast Refresh] done in 364ms @ http://localhost:3001/_next/static/chunks/node_modules_next_dist_1ybzpk2._.js:2477
[  279903ms] [LOG] [Fast Refresh] rebuilding @ http://localhost:3001/_next/static/chunks/node_modules_next_dist_1ybzpk2._.js:2477
[  280076ms] [LOG] [Fast Refresh] done in 273ms @ http://localhost:3001/_next/static/chunks/node_modules_next_dist_1ybzpk2._.js:2477
[  280178ms] [LOG] [Fast Refresh] rebuilding @ http://localhost:3001/_next/static/chunks/node_modules_next_dist_1ybzpk2._.js:2477
[  280188ms] [LOG] [Fast Refresh] done in 110ms @ http://localhost:3001/_next/static/chunks/node_modules_next_dist_1ybzpk2._.js:2477
[  280301ms] [LOG] [Fast Refresh] rebuilding @ http://localhost:3001/_next/static/chunks/node_modules_next_dist_1ybzpk2._.js:2477
[  280447ms] [LOG] [Fast Refresh] done in 258ms @ http://localhost:3001/_next/static/chunks/node_modules_next_dist_1ybzpk2._.js:2477
[  280861ms] [LOG] [Fast Refresh] rebuilding @ http://localhost:3001/_next/static/chunks/node_modules_next_dist_1ybzpk2._.js:2477
[  281028ms] [LOG] [Fast Refresh] done in 275ms @ http://localhost:3001/_next/static/chunks/node_modules_next_dist_1ybzpk2._.js:2477
[  281263ms] [LOG] [Fast Refresh] rebuilding @ http://localhost:3001/_next/static/chunks/node_modules_next_dist_1ybzpk2._.js:2477
[  281351ms] [LOG] [Fast Refresh] done in 191ms @ http://localhost:3001/_next/static/chunks/node_modules_next_dist_1ybzpk2._.js:2477
[  281517ms] [LOG] [Fast Refresh] rebuilding @ http://localhost:3001/_next/static/chunks/node_modules_next_dist_1ybzpk2._.js:2477
[  281703ms] [LOG] [Fast Refresh] done in 293ms @ http://localhost:3001/_next/static/chunks/node_modules_next_dist_1ybzpk2._.js:2477
[  281890ms] [LOG] [Fast Refresh] rebuilding @ http://localhost:3001/_next/static/chunks/node_modules_next_dist_1ybzpk2._.js:2477
[  282061ms] [LOG] [Fast Refresh] done in 275ms @ http://localhost:3001/_next/static/chunks/node_modules_next_dist_1ybzpk2._.js:2477
[  282406ms] [LOG] [Fast Refresh] rebuilding @ http://localhost:3001/_next/static/chunks/node_modules_next_dist_1ybzpk2._.js:2477
[  282434ms] [LOG] [Fast Refresh] done in 132ms @ http://localhost:3001/_next/static/chunks/node_modules_next_dist_1ybzpk2._.js:2477
[  282537ms] [LOG] [Fast Refresh] rebuilding @ http://localhost:3001/_next/static/chunks/node_modules_next_dist_1ybzpk2._.js:2477
[  282588ms] [LOG] [Fast Refresh] done in 153ms @ http://localhost:3001/_next/static/chunks/node_modules_next_dist_1ybzpk2._.js:2477
[  282783ms] [LOG] [Fast Refresh] rebuilding @ http://localhost:3001/_next/static/chunks/node_modules_next_dist_1ybzpk2._.js:2477
[  282822ms] [LOG] [Fast Refresh] done in 152ms @ http://localhost:3001/_next/static/chunks/node_modules_next_dist_1ybzpk2._.js:2477
[  282924ms] [LOG] [Fast Refresh] rebuilding @ http://localhost:3001/_next/static/chunks/node_modules_next_dist_1ybzpk2._.js:2477
[  282940ms] [LOG] [Fast Refresh] done in 118ms @ http://localhost:3001/_next/static/chunks/node_modules_next_dist_1ybzpk2._.js:2477
[  283344ms] [LOG] [Fast Refresh] rebuilding @ http://localhost:3001/_next/static/chunks/node_modules_next_dist_1ybzpk2._.js:2477
[  283362ms] [LOG] [Fast Refresh] done in 131ms @ http://localhost:3001/_next/static/chunks/node_modules_next_dist_1ybzpk2._.js:2477
[  283464ms] [LOG] [Fast Refresh] rebuilding @ http://localhost:3001/_next/static/chunks/node_modules_next_dist_1ybzpk2._.js:2477
[  283659ms] [LOG] [Fast Refresh] done in 296ms @ http://localhost:3001/_next/static/chunks/node_modules_next_dist_1ybzpk2._.js:2477
[  283940ms] [LOG] [Fast Refresh] rebuilding @ http://localhost:3001/_next/static/chunks/node_modules_next_dist_1ybzpk2._.js:2477
[  284135ms] [LOG] [Fast Refresh] done in 302ms @ http://localhost:3001/_next/static/chunks/node_modules_next_dist_1ybzpk2._.js:2477
[  284571ms] [LOG] [Fast Refresh] rebuilding @ http://localhost:3001/_next/static/chunks/node_modules_next_dist_1ybzpk2._.js:2477
[  284622ms] [LOG] [Fast Refresh] done in 151ms @ http://localhost:3001/_next/static/chunks/node_modules_next_dist_1ybzpk2._.js:2477
[  285252ms] [LOG] [Fast Refresh] rebuilding @ http://localhost:3001/_next/static/chunks/node_modules_next_dist_1ybzpk2._.js:2477
[  285482ms] [LOG] [Fast Refresh] done in 340ms @ http://localhost:3001/_next/static/chunks/node_modules_next_dist_1ybzpk2._.js:2477
[  285653ms] [LOG] [Fast Refresh] rebuilding @ http://localhost:3001/_next/static/chunks/node_modules_next_dist_1ybzpk2._.js:2477
[  285712ms] [LOG] [Fast Refresh] done in 160ms @ http://localhost:3001/_next/static/chunks/node_modules_next_dist_1ybzpk2._.js:2477
[  286212ms] [LOG] [Fast Refresh] rebuilding @ http://localhost:3001/_next/static/chunks/node_modules_next_dist_1ybzpk2._.js:2477
[  286260ms] [LOG] [Fast Refresh] done in 156ms @ http://localhost:3001/_next/static/chunks/node_modules_next_dist_1ybzpk2._.js:2477
[  286510ms] [LOG] [Fast Refresh] rebuilding @ http://localhost:3001/_next/static/chunks/node_modules_next_dist_1ybzpk2._.js:2477
[  286801ms] [LOG] [Fast Refresh] done in 393ms @ http://localhost:3001/_next/static/chunks/node_modules_next_dist_1ybzpk2._.js:2477
[  286969ms] [LOG] [Fast Refresh] rebuilding @ http://localhost:3001/_next/static/chunks/node_modules_next_dist_1ybzpk2._.js:2477
[  287157ms] [LOG] [Fast Refresh] done in 290ms @ http://localhost:3001/_next/static/chunks/node_modules_next_dist_1ybzpk2._.js:2477
[  288143ms] [LOG] [Fast Refresh] rebuilding @ http://localhost:3001/_next/static/chunks/node_modules_next_dist_1ybzpk2._.js:2477
[  288190ms] [LOG] [Fast Refresh] done in 147ms @ http://localhost:3001/_next/static/chunks/node_modules_next_dist_1ybzpk2._.js:2477
[  288292ms] [LOG] [Fast Refresh] rebuilding @ http://localhost:3001/_next/static/chunks/node_modules_next_dist_1ybzpk2._.js:2477
[  288573ms] [LOG] [Fast Refresh] done in 381ms @ http://localhost:3001/_next/static/chunks/node_modules_next_dist_1ybzpk2._.js:2477
[  288733ms] [LOG] [Fast Refresh] rebuilding @ http://localhost:3001/_next/static/chunks/node_modules_next_dist_1ybzpk2._.js:2477
[  289015ms] [LOG] [Fast Refresh] done in 394ms @ http://localhost:3001/_next/static/chunks/node_modules_next_dist_1ybzpk2._.js:2477
[  290187ms] [LOG] [Fast Refresh] rebuilding @ http://localhost:3001/_next/static/chunks/node_modules_next_dist_1ybzpk2._.js:2477
[  290419ms] [LOG] [Fast Refresh] done in 336ms @ http://localhost:3001/_next/static/chunks/node_modules_next_dist_1ybzpk2._.js:2477
[  290577ms] [LOG] [Fast Refresh] rebuilding @ http://localhost:3001/_next/static/chunks/node_modules_next_dist_1ybzpk2._.js:2477
[  290921ms] [LOG] [Fast Refresh] done in 445ms @ http://localhost:3001/_next/static/chunks/node_modules_next_dist_1ybzpk2._.js:2477
[  291748ms] [LOG] [Fast Refresh] rebuilding @ http://localhost:3001/_next/static/chunks/node_modules_next_dist_1ybzpk2._.js:2477
[  292201ms] [LOG] [Fast Refresh] done in 557ms @ http://localhost:3001/_next/static/chunks/node_modules_next_dist_1ybzpk2._.js:2477
[  292347ms] [LOG] [Fast Refresh] rebuilding @ http://localhost:3001/_next/static/chunks/node_modules_next_dist_1ybzpk2._.js:2477
[  292448ms] [LOG] [Fast Refresh] done in 204ms @ http://localhost:3001/_next/static/chunks/node_modules_next_dist_1ybzpk2._.js:2477
[  293369ms] [LOG] [Fast Refresh] rebuilding @ http://localhost:3001/_next/static/chunks/node_modules_next_dist_1ybzpk2._.js:2477
[  293443ms] [LOG] [Fast Refresh] done in 174ms @ http://localhost:3001/_next/static/chunks/node_modules_next_dist_1ybzpk2._.js:2477
[  293600ms] [LOG] [Fast Refresh] rebuilding @ http://localhost:3001/_next/static/chunks/node_modules_next_dist_1ybzpk2._.js:2477
[  293713ms] [LOG] [Fast Refresh] done in 217ms @ http://localhost:3001/_next/static/chunks/node_modules_next_dist_1ybzpk2._.js:2477
[  293882ms] [LOG] [Fast Refresh] rebuilding @ http://localhost:3001/_next/static/chunks/node_modules_next_dist_1ybzpk2._.js:2477
[  293925ms] [LOG] [Fast Refresh] done in 147ms @ http://localhost:3001/_next/static/chunks/node_modules_next_dist_1ybzpk2._.js:2477
[  294364ms] [LOG] [Fast Refresh] rebuilding @ http://localhost:3001/_next/static/chunks/node_modules_next_dist_1ybzpk2._.js:2477
[  294373ms] [LOG] [Fast Refresh] done in 109ms @ http://localhost:3001/_next/static/chunks/node_modules_next_dist_1ybzpk2._.js:2477
[  294722ms] [LOG] [Fast Refresh] rebuilding @ http://localhost:3001/_next/static/chunks/node_modules_next_dist_1ybzpk2._.js:2477
[  294726ms] [LOG] [Fast Refresh] done in 118ms @ http://localhost:3001/_next/static/chunks/node_modules_next_dist_1ybzpk2._.js:2477
[  295018ms] [LOG] [Fast Refresh] rebuilding @ http://localhost:3001/_next/static/chunks/node_modules_next_dist_1ybzpk2._.js:2477
[  295158ms] [LOG] [Fast Refresh] done in 244ms @ http://localhost:3001/_next/static/chunks/node_modules_next_dist_1ybzpk2._.js:2477
[  296217ms] [LOG] [Fast Refresh] rebuilding @ http://localhost:3001/_next/static/chunks/node_modules_next_dist_1ybzpk2._.js:2477
[  296301ms] [LOG] [Fast Refresh] done in 196ms @ http://localhost:3001/_next/static/chunks/node_modules_next_dist_1ybzpk2._.js:2477
[  296761ms] [LOG] [Fast Refresh] rebuilding @ http://localhost:3001/_next/static/chunks/node_modules_next_dist_1ybzpk2._.js:2477
[  296818ms] [LOG] [Fast Refresh] done in 158ms @ http://localhost:3001/_next/static/chunks/node_modules_next_dist_1ybzpk2._.js:2477
[  296962ms] [LOG] [Fast Refresh] rebuilding @ http://localhost:3001/_next/static/chunks/node_modules_next_dist_1ybzpk2._.js:2477
[  296967ms] [LOG] [Fast Refresh] done in 113ms @ http://localhost:3001/_next/static/chunks/node_modules_next_dist_1ybzpk2._.js:2477
[  297243ms] [LOG] [Fast Refresh] rebuilding @ http://localhost:3001/_next/static/chunks/node_modules_next_dist_1ybzpk2._.js:2477
[  297253ms] [LOG] [Fast Refresh] done in 113ms @ http://localhost:3001/_next/static/chunks/node_modules_next_dist_1ybzpk2._.js:2477
[  297384ms] [LOG] [Fast Refresh] rebuilding @ http://localhost:3001/_next/static/chunks/node_modules_next_dist_1ybzpk2._.js:2477
[  297464ms] [LOG] [Fast Refresh] done in 183ms @ http://localhost:3001/_next/static/chunks/node_modules_next_dist_1ybzpk2._.js:2477
[  297781ms] [LOG] [Fast Refresh] rebuilding @ http://localhost:3001/_next/static/chunks/node_modules_next_dist_1ybzpk2._.js:2477
[  297880ms] [LOG] [Fast Refresh] done in 208ms @ http://localhost:3001/_next/static/chunks/node_modules_next_dist_1ybzpk2._.js:2477
[  298515ms] [LOG] [Fast Refresh] rebuilding @ http://localhost:3001/_next/static/chunks/node_modules_next_dist_1ybzpk2._.js:2477
[  298591ms] [LOG] [Fast Refresh] done in 179ms @ http://localhost:3001/_next/static/chunks/node_modules_next_dist_1ybzpk2._.js:2477
[  298951ms] [LOG] [Fast Refresh] rebuilding @ http://localhost:3001/_next/static/chunks/node_modules_next_dist_1ybzpk2._.js:2477
[  299025ms] [LOG] [Fast Refresh] done in 177ms @ http://localhost:3001/_next/static/chunks/node_modules_next_dist_1ybzpk2._.js:2477
[  299434ms] [LOG] [Fast Refresh] rebuilding @ http://localhost:3001/_next/static/chunks/node_modules_next_dist_1ybzpk2._.js:2477
[  299445ms] [LOG] [Fast Refresh] done in 113ms @ http://localhost:3001/_next/static/chunks/node_modules_next_dist_1ybzpk2._.js:2477
[  299581ms] [LOG] [Fast Refresh] rebuilding @ http://localhost:3001/_next/static/chunks/node_modules_next_dist_1ybzpk2._.js:2477
[  299765ms] [LOG] [Fast Refresh] done in 291ms @ http://localhost:3001/_next/static/chunks/node_modules_next_dist_1ybzpk2._.js:2477
[  300274ms] [LOG] [Fast Refresh] rebuilding @ http://localhost:3001/_next/static/chunks/node_modules_next_dist_1ybzpk2._.js:2477
[  300282ms] [LOG] [Fast Refresh] done in 111ms @ http://localhost:3001/_next/static/chunks/node_modules_next_dist_1ybzpk2._.js:2477
[  300555ms] [LOG] [Fast Refresh] rebuilding @ http://localhost:3001/_next/static/chunks/node_modules_next_dist_1ybzpk2._.js:2477
[  300583ms] [LOG] [Fast Refresh] done in 129ms @ http://localhost:3001/_next/static/chunks/node_modules_next_dist_1ybzpk2._.js:2477
[  300958ms] [LOG] [Fast Refresh] rebuilding @ http://localhost:3001/_next/static/chunks/node_modules_next_dist_1ybzpk2._.js:2477
[  301020ms] [LOG] [Fast Refresh] done in 170ms @ http://localhost:3001/_next/static/chunks/node_modules_next_dist_1ybzpk2._.js:2477
[  301129ms] [LOG] [Fast Refresh] rebuilding @ http://localhost:3001/_next/static/chunks/node_modules_next_dist_1ybzpk2._.js:2477
[  301181ms] [LOG] [Fast Refresh] done in 161ms @ http://localhost:3001/_next/static/chunks/node_modules_next_dist_1ybzpk2._.js:2477
[  301640ms] [LOG] [Fast Refresh] rebuilding @ http://localhost:3001/_next/static/chunks/node_modules_next_dist_1ybzpk2._.js:2477
[  301729ms] [LOG] [Fast Refresh] done in 198ms @ http://localhost:3001/_next/static/chunks/node_modules_next_dist_1ybzpk2._.js:2477
[  301874ms] [LOG] [Fast Refresh] rebuilding @ http://localhost:3001/_next/static/chunks/node_modules_next_dist_1ybzpk2._.js:2477
[  301942ms] [LOG] [Fast Refresh] done in 171ms @ http://localhost:3001/_next/static/chunks/node_modules_next_dist_1ybzpk2._.js:2477
[  302433ms] [LOG] [Fast Refresh] rebuilding @ http://localhost:3001/_next/static/chunks/node_modules_next_dist_1ybzpk2._.js:2477
[  302492ms] [LOG] [Fast Refresh] done in 175ms @ http://localhost:3001/_next/static/chunks/node_modules_next_dist_1ybzpk2._.js:2477
[  302866ms] [LOG] [Fast Refresh] rebuilding @ http://localhost:3001/_next/static/chunks/node_modules_next_dist_1ybzpk2._.js:2477
[  303030ms] [LOG] [Fast Refresh] done in 266ms @ http://localhost:3001/_next/static/chunks/node_modules_next_dist_1ybzpk2._.js:2477
[  303485ms] [LOG] [Fast Refresh] rebuilding @ http://localhost:3001/_next/static/chunks/node_modules_next_dist_1ybzpk2._.js:2477
[  303519ms] [LOG] [Fast Refresh] done in 146ms @ http://localhost:3001/_next/static/chunks/node_modules_next_dist_1ybzpk2._.js:2477
[  303626ms] [LOG] [Fast Refresh] rebuilding @ http://localhost:3001/_next/static/chunks/node_modules_next_dist_1ybzpk2._.js:2477
[  304772ms] [LOG] [Fast Refresh] done in 1251ms @ http://localhost:3001/_next/static/chunks/node_modules_next_dist_1ybzpk2._.js:2477
[  305748ms] [LOG] [Fast Refresh] rebuilding @ http://localhost:3001/_next/static/chunks/node_modules_next_dist_1ybzpk2._.js:2477
[  305878ms] [LOG] [Fast Refresh] done in 236ms @ http://localhost:3001/_next/static/chunks/node_modules_next_dist_1ybzpk2._.js:2477
[  306971ms] [LOG] [Fast Refresh] rebuilding @ http://localhost:3001/_next/static/chunks/node_modules_next_dist_1ybzpk2._.js:2477
[  307049ms] [LOG] [Fast Refresh] done in 180ms @ http://localhost:3001/_next/static/chunks/node_modules_next_dist_1ybzpk2._.js:2477
[  307325ms] [LOG] [Fast Refresh] rebuilding @ http://localhost:3001/_next/static/chunks/node_modules_next_dist_1ybzpk2._.js:2477
[  307333ms] [LOG] [Fast Refresh] done in 116ms @ http://localhost:3001/_next/static/chunks/node_modules_next_dist_1ybzpk2._.js:2477
[  310289ms] [LOG] [Fast Refresh] rebuilding @ http://localhost:3001/_next/static/chunks/node_modules_next_dist_1ybzpk2._.js:2477
[  311379ms] [LOG] [Fast Refresh] done in 1101ms @ http://localhost:3001/_next/static/chunks/node_modules_next_dist_1ybzpk2._.js:2477
[  311525ms] [LOG] [Fast Refresh] rebuilding @ http://localhost:3001/_next/static/chunks/node_modules_next_dist_1ybzpk2._.js:2477
[  312124ms] [LOG] [Fast Refresh] done in 700ms @ http://localhost:3001/_next/static/chunks/node_modules_next_dist_1ybzpk2._.js:2477
[  312394ms] [LOG] [Fast Refresh] rebuilding @ http://localhost:3001/_next/static/chunks/node_modules_next_dist_1ybzpk2._.js:2477
[  313011ms] [LOG] [Fast Refresh] done in 724ms @ http://localhost:3001/_next/static/chunks/node_modules_next_dist_1ybzpk2._.js:2477
[  313169ms] [LOG] [Fast Refresh] rebuilding @ http://localhost:3001/_next/static/chunks/node_modules_next_dist_1ybzpk2._.js:2477
[  313276ms] [LOG] [Fast Refresh] done in 215ms @ http://localhost:3001/_next/static/chunks/node_modules_next_dist_1ybzpk2._.js:2477
[  313382ms] [LOG] [Fast Refresh] rebuilding @ http://localhost:3001/_next/static/chunks/node_modules_next_dist_1ybzpk2._.js:2477
[  313402ms] [LOG] [Fast Refresh] done in 124ms @ http://localhost:3001/_next/static/chunks/node_modules_next_dist_1ybzpk2._.js:2477
[  313513ms] [LOG] [Fast Refresh] rebuilding @ http://localhost:3001/_next/static/chunks/node_modules_next_dist_1ybzpk2._.js:2477
[  313525ms] [LOG] [Fast Refresh] done in 122ms @ http://localhost:3001/_next/static/chunks/node_modules_next_dist_1ybzpk2._.js:2477
[  314090ms] [LOG] [Fast Refresh] rebuilding @ http://localhost:3001/_next/static/chunks/node_modules_next_dist_1ybzpk2._.js:2477
[  314125ms] [LOG] [Fast Refresh] done in 136ms @ http://localhost:3001/_next/static/chunks/node_modules_next_dist_1ybzpk2._.js:2477
[  314230ms] [LOG] [Fast Refresh] rebuilding @ http://localhost:3001/_next/static/chunks/node_modules_next_dist_1ybzpk2._.js:2477
[  314343ms] [LOG] [Fast Refresh] done in 216ms @ http://localhost:3001/_next/static/chunks/node_modules_next_dist_1ybzpk2._.js:2477
[  314771ms] [LOG] [Fast Refresh] rebuilding @ http://localhost:3001/_next/static/chunks/node_modules_next_dist_1ybzpk2._.js:2477
[  314855ms] [LOG] [Fast Refresh] done in 184ms @ http://localhost:3001/_next/static/chunks/node_modules_next_dist_1ybzpk2._.js:2477
[  314991ms] [LOG] [Fast Refresh] rebuilding @ http://localhost:3001/_next/static/chunks/node_modules_next_dist_1ybzpk2._.js:2477
[  315286ms] [LOG] [Fast Refresh] done in 399ms @ http://localhost:3001/_next/static/chunks/node_modules_next_dist_1ybzpk2._.js:2477
[  315390ms] [LOG] [Fast Refresh] rebuilding @ http://localhost:3001/_next/static/chunks/node_modules_next_dist_1ybzpk2._.js:2477
[  315443ms] [LOG] [Fast Refresh] done in 156ms @ http://localhost:3001/_next/static/chunks/node_modules_next_dist_1ybzpk2._.js:2477
[  315571ms] [LOG] [Fast Refresh] rebuilding @ http://localhost:3001/_next/static/chunks/node_modules_next_dist_1ybzpk2._.js:2477
[  316125ms] [LOG] [Fast Refresh] done in 627ms @ http://localhost:3001/_next/static/chunks/node_modules_next_dist_1ybzpk2._.js:2477
[  316559ms] [LOG] [Fast Refresh] rebuilding @ http://localhost:3001/_next/static/chunks/node_modules_next_dist_1ybzpk2._.js:2477
[  316625ms] [LOG] [Fast Refresh] done in 173ms @ http://localhost:3001/_next/static/chunks/node_modules_next_dist_1ybzpk2._.js:2477
[  316944ms] [LOG] [Fast Refresh] rebuilding @ http://localhost:3001/_next/static/chunks/node_modules_next_dist_1ybzpk2._.js:2477
[  317052ms] [LOG] [Fast Refresh] done in 212ms @ http://localhost:3001/_next/static/chunks/node_modules_next_dist_1ybzpk2._.js:2477
[  317158ms] [LOG] [Fast Refresh] rebuilding @ http://localhost:3001/_next/static/chunks/node_modules_next_dist_1ybzpk2._.js:2477
[  317707ms] [LOG] [Fast Refresh] done in 633ms @ http://localhost:3001/_next/static/chunks/node_modules_next_dist_1ybzpk2._.js:2477
[  317811ms] [LOG] [Fast Refresh] rebuilding @ http://localhost:3001/_next/static/chunks/node_modules_next_dist_1ybzpk2._.js:2477
[  318439ms] [LOG] [Fast Refresh] done in 731ms @ http://localhost:3001/_next/static/chunks/node_modules_next_dist_1ybzpk2._.js:2477
[  318598ms] [LOG] [Fast Refresh] rebuilding @ http://localhost:3001/_next/static/chunks/node_modules_next_dist_1ybzpk2._.js:2477
[  318685ms] [LOG] [Fast Refresh] done in 196ms @ http://localhost:3001/_next/static/chunks/node_modules_next_dist_1ybzpk2._.js:2477
[  318849ms] [LOG] [Fast Refresh] rebuilding @ http://localhost:3001/_next/static/chunks/node_modules_next_dist_1ybzpk2._.js:2477
[  318973ms] [LOG] [Fast Refresh] done in 224ms @ http://localhost:3001/_next/static/chunks/node_modules_next_dist_1ybzpk2._.js:2477
[  319172ms] [LOG] [Fast Refresh] rebuilding @ http://localhost:3001/_next/static/chunks/node_modules_next_dist_1ybzpk2._.js:2477
[  319306ms] [LOG] [Fast Refresh] done in 246ms @ http://localhost:3001/_next/static/chunks/node_modules_next_dist_1ybzpk2._.js:2477
[  319639ms] [LOG] [Fast Refresh] rebuilding @ http://localhost:3001/_next/static/chunks/node_modules_next_dist_1ybzpk2._.js:2477
[  319740ms] [LOG] [Fast Refresh] done in 202ms @ http://localhost:3001/_next/static/chunks/node_modules_next_dist_1ybzpk2._.js:2477
[  319879ms] [LOG] [Fast Refresh] rebuilding @ http://localhost:3001/_next/static/chunks/node_modules_next_dist_1ybzpk2._.js:2477
[  320091ms] [LOG] [Fast Refresh] done in 319ms @ http://localhost:3001/_next/static/chunks/node_modules_next_dist_1ybzpk2._.js:2477
[  320194ms] [LOG] [Fast Refresh] rebuilding @ http://localhost:3001/_next/static/chunks/node_modules_next_dist_1ybzpk2._.js:2477
[  320217ms] [LOG] [Fast Refresh] done in 123ms @ http://localhost:3001/_next/static/chunks/node_modules_next_dist_1ybzpk2._.js:2477
[  320373ms] [LOG] [Fast Refresh] rebuilding @ http://localhost:3001/_next/static/chunks/node_modules_next_dist_1ybzpk2._.js:2477
[  320379ms] [LOG] [Fast Refresh] done in 106ms @ http://localhost:3001/_next/static/chunks/node_modules_next_dist_1ybzpk2._.js:2477
[  320665ms] [LOG] [Fast Refresh] rebuilding @ http://localhost:3001/_next/static/chunks/node_modules_next_dist_1ybzpk2._.js:2477
[  320704ms] [LOG] [Fast Refresh] done in 141ms @ http://localhost:3001/_next/static/chunks/node_modules_next_dist_1ybzpk2._.js:2477
[  321218ms] [LOG] [Fast Refresh] rebuilding @ http://localhost:3001/_next/static/chunks/node_modules_next_dist_1ybzpk2._.js:2477
[  321237ms] [LOG] [Fast Refresh] done in 122ms @ http://localhost:3001/_next/static/chunks/node_modules_next_dist_1ybzpk2._.js:2477
[  322925ms] [LOG] [Fast Refresh] rebuilding @ http://localhost:3001/_next/static/chunks/node_modules_next_dist_1ybzpk2._.js:2477
[  322959ms] [LOG] [Fast Refresh] done in 139ms @ http://localhost:3001/_next/static/chunks/node_modules_next_dist_1ybzpk2._.js:2477
[  323113ms] [LOG] [Fast Refresh] rebuilding @ http://localhost:3001/_next/static/chunks/node_modules_next_dist_1ybzpk2._.js:2477
[  323120ms] [LOG] [Fast Refresh] done in 110ms @ http://localhost:3001/_next/static/chunks/node_modules_next_dist_1ybzpk2._.js:2477
[  323481ms] [LOG] [Fast Refresh] rebuilding @ http://localhost:3001/_next/static/chunks/node_modules_next_dist_1ybzpk2._.js:2477
[  323486ms] [LOG] [Fast Refresh] done in 115ms @ http://localhost:3001/_next/static/chunks/node_modules_next_dist_1ybzpk2._.js:2477
[  323841ms] [LOG] [Fast Refresh] rebuilding @ http://localhost:3001/_next/static/chunks/node_modules_next_dist_1ybzpk2._.js:2477
[  323854ms] [LOG] [Fast Refresh] done in 115ms @ http://localhost:3001/_next/static/chunks/node_modules_next_dist_1ybzpk2._.js:2477
[  324067ms] [LOG] [Fast Refresh] rebuilding @ http://localhost:3001/_next/static/chunks/node_modules_next_dist_1ybzpk2._.js:2477
[  325406ms] [LOG] [Fast Refresh] done in 1436ms @ http://localhost:3001/_next/static/chunks/node_modules_next_dist_1ybzpk2._.js:2477
[  325625ms] [LOG] [Fast Refresh] rebuilding @ http://localhost:3001/_next/static/chunks/node_modules_next_dist_1ybzpk2._.js:2477
[  326217ms] [LOG] [Fast Refresh] done in 697ms @ http://localhost:3001/_next/static/chunks/node_modules_next_dist_1ybzpk2._.js:2477
[  326375ms] [LOG] [Fast Refresh] rebuilding @ http://localhost:3001/_next/static/chunks/node_modules_next_dist_1ybzpk2._.js:2477
[  326477ms] [LOG] [Fast Refresh] done in 213ms @ http://localhost:3001/_next/static/chunks/node_modules_next_dist_1ybzpk2._.js:2477
[  326669ms] [LOG] [Fast Refresh] rebuilding @ http://localhost:3001/_next/static/chunks/node_modules_next_dist_1ybzpk2._.js:2477
[  327127ms] [LOG] [Fast Refresh] done in 560ms @ http://localhost:3001/_next/static/chunks/node_modules_next_dist_1ybzpk2._.js:2477
[  327842ms] [LOG] [Fast Refresh] rebuilding @ http://localhost:3001/_next/static/chunks/node_modules_next_dist_1ybzpk2._.js:2477
[  327857ms] [LOG] [Fast Refresh] done in 118ms @ http://localhost:3001/_next/static/chunks/node_modules_next_dist_1ybzpk2._.js:2477
[  328002ms] [LOG] [Fast Refresh] rebuilding @ http://localhost:3001/_next/static/chunks/node_modules_next_dist_1ybzpk2._.js:2477
[  328022ms] [LOG] [Fast Refresh] done in 122ms @ http://localhost:3001/_next/static/chunks/node_modules_next_dist_1ybzpk2._.js:2477
[  328127ms] [LOG] [Fast Refresh] rebuilding @ http://localhost:3001/_next/static/chunks/node_modules_next_dist_1ybzpk2._.js:2477
[  328279ms] [LOG] [Fast Refresh] done in 255ms @ http://localhost:3001/_next/static/chunks/node_modules_next_dist_1ybzpk2._.js:2477
[  328656ms] [LOG] [Fast Refresh] rebuilding @ http://localhost:3001/_next/static/chunks/node_modules_next_dist_1ybzpk2._.js:2477
[  328681ms] [LOG] [Fast Refresh] done in 132ms @ http://localhost:3001/_next/static/chunks/node_modules_next_dist_1ybzpk2._.js:2477
[  328813ms] [LOG] [Fast Refresh] rebuilding @ http://localhost:3001/_next/static/chunks/node_modules_next_dist_1ybzpk2._.js:2477
[  328868ms] [LOG] [Fast Refresh] done in 155ms @ http://localhost:3001/_next/static/chunks/node_modules_next_dist_1ybzpk2._.js:2477
[  329150ms] [LOG] [Fast Refresh] rebuilding @ http://localhost:3001/_next/static/chunks/node_modules_next_dist_1ybzpk2._.js:2477
[  329200ms] [LOG] [Fast Refresh] done in 157ms @ http://localhost:3001/_next/static/chunks/node_modules_next_dist_1ybzpk2._.js:2477
[  329478ms] [LOG] [Fast Refresh] rebuilding @ http://localhost:3001/_next/static/chunks/node_modules_next_dist_1ybzpk2._.js:2477
[  329495ms] [LOG] [Fast Refresh] done in 122ms @ http://localhost:3001/_next/static/chunks/node_modules_next_dist_1ybzpk2._.js:2477
[  329723ms] [LOG] [Fast Refresh] rebuilding @ http://localhost:3001/_next/static/chunks/node_modules_next_dist_1ybzpk2._.js:2477
[  329725ms] [LOG] [Fast Refresh] done in 111ms @ http://localhost:3001/_next/static/chunks/node_modules_next_dist_1ybzpk2._.js:2477
[  331723ms] [LOG] [Fast Refresh] rebuilding @ http://localhost:3001/_next/static/chunks/node_modules_next_dist_1ybzpk2._.js:2477
[  331832ms] [LOG] [Fast Refresh] done in 210ms @ http://localhost:3001/_next/static/chunks/node_modules_next_dist_1ybzpk2._.js:2477
[  335860ms] [LOG] [Fast Refresh] rebuilding @ http://localhost:3001/_next/static/chunks/node_modules_next_dist_1ybzpk2._.js:2477
[  335964ms] [LOG] [Fast Refresh] done in 206ms @ http://localhost:3001/_next/static/chunks/node_modules_next_dist_1ybzpk2._.js:2477
[  336172ms] [LOG] [Fast Refresh] rebuilding @ http://localhost:3001/_next/static/chunks/node_modules_next_dist_1ybzpk2._.js:2477
[  336322ms] [LOG] [Fast Refresh] done in 250ms @ http://localhost:3001/_next/static/chunks/node_modules_next_dist_1ybzpk2._.js:2477
[  336469ms] [LOG] [Fast Refresh] rebuilding @ http://localhost:3001/_next/static/chunks/node_modules_next_dist_1ybzpk2._.js:2477
[  336518ms] [LOG] [Fast Refresh] done in 155ms @ http://localhost:3001/_next/static/chunks/node_modules_next_dist_1ybzpk2._.js:2477
[  336841ms] [LOG] [Fast Refresh] rebuilding @ http://localhost:3001/_next/static/chunks/node_modules_next_dist_1ybzpk2._.js:2477
[  336890ms] [LOG] [Fast Refresh] done in 159ms @ http://localhost:3001/_next/static/chunks/node_modules_next_dist_1ybzpk2._.js:2477
[  336997ms] [LOG] [Fast Refresh] rebuilding @ http://localhost:3001/_next/static/chunks/node_modules_next_dist_1ybzpk2._.js:2477
[  337012ms] [LOG] [Fast Refresh] done in 120ms @ http://localhost:3001/_next/static/chunks/node_modules_next_dist_1ybzpk2._.js:2477
[  337822ms] [LOG] [Fast Refresh] rebuilding @ http://localhost:3001/_next/static/chunks/node_modules_next_dist_1ybzpk2._.js:2477
[  337861ms] [LOG] [Fast Refresh] done in 142ms @ http://localhost:3001/_next/static/chunks/node_modules_next_dist_1ybzpk2._.js:2477
[  337978ms] [LOG] [Fast Refresh] rebuilding @ http://localhost:3001/_next/static/chunks/node_modules_next_dist_1ybzpk2._.js:2477
[  338222ms] [LOG] [Fast Refresh] done in 360ms @ http://localhost:3001/_next/static/chunks/node_modules_next_dist_1ybzpk2._.js:2477
[  338798ms] [LOG] [Fast Refresh] rebuilding @ http://localhost:3001/_next/static/chunks/node_modules_next_dist_1ybzpk2._.js:2477
[  338823ms] [LOG] [Fast Refresh] done in 139ms @ http://localhost:3001/_next/static/chunks/node_modules_next_dist_1ybzpk2._.js:2477
[  339017ms] [LOG] [Fast Refresh] rebuilding @ http://localhost:3001/_next/static/chunks/node_modules_next_dist_1ybzpk2._.js:2477
[  339274ms] [LOG] [Fast Refresh] done in 370ms @ http://localhost:3001/_next/static/chunks/node_modules_next_dist_1ybzpk2._.js:2477
[  339969ms] [LOG] [Fast Refresh] rebuilding @ http://localhost:3001/_next/static/chunks/node_modules_next_dist_1ybzpk2._.js:2477
[  340262ms] [LOG] [Fast Refresh] done in 406ms @ http://localhost:3001/_next/static/chunks/node_modules_next_dist_1ybzpk2._.js:2477
[  340965ms] [LOG] [Fast Refresh] rebuilding @ http://localhost:3001/_next/static/chunks/node_modules_next_dist_1ybzpk2._.js:2477
[  341182ms] [LOG] [Fast Refresh] done in 331ms @ http://localhost:3001/_next/static/chunks/node_modules_next_dist_1ybzpk2._.js:2477
[  341778ms] [LOG] [Fast Refresh] rebuilding @ http://localhost:3001/_next/static/chunks/node_modules_next_dist_1ybzpk2._.js:2477
[  341804ms] [LOG] [Fast Refresh] done in 144ms @ http://localhost:3001/_next/static/chunks/node_modules_next_dist_1ybzpk2._.js:2477
[  342873ms] [LOG] [Fast Refresh] rebuilding @ http://localhost:3001/_next/static/chunks/node_modules_next_dist_1ybzpk2._.js:2477
[  342881ms] [LOG] [Fast Refresh] done in 108ms @ http://localhost:3001/_next/static/chunks/node_modules_next_dist_1ybzpk2._.js:2477
[  343073ms] [LOG] [Fast Refresh] rebuilding @ http://localhost:3001/_next/static/chunks/node_modules_next_dist_1ybzpk2._.js:2477
[  343313ms] [LOG] [Fast Refresh] done in 344ms @ http://localhost:3001/_next/static/chunks/node_modules_next_dist_1ybzpk2._.js:2477
[  343820ms] [LOG] [Fast Refresh] rebuilding @ http://localhost:3001/_next/static/chunks/node_modules_next_dist_1ybzpk2._.js:2477
[  343858ms] [LOG] [Fast Refresh] done in 143ms @ http://localhost:3001/_next/static/chunks/node_modules_next_dist_1ybzpk2._.js:2477
[  343959ms] [LOG] [Fast Refresh] rebuilding @ http://localhost:3001/_next/static/chunks/node_modules_next_dist_1ybzpk2._.js:2477
[  344288ms] [LOG] [Fast Refresh] done in 429ms @ http://localhost:3001/_next/static/chunks/node_modules_next_dist_1ybzpk2._.js:2477
[  344889ms] [LOG] [Fast Refresh] rebuilding @ http://localhost:3001/_next/static/chunks/node_modules_next_dist_1ybzpk2._.js:2477
[  345151ms] [LOG] [Fast Refresh] done in 362ms @ http://localhost:3001/_next/static/chunks/node_modules_next_dist_1ybzpk2._.js:2477
[  345563ms] [LOG] [Fast Refresh] rebuilding @ http://localhost:3001/_next/static/chunks/node_modules_next_dist_1ybzpk2._.js:2477
[  345632ms] [LOG] [Fast Refresh] done in 183ms @ http://localhost:3001/_next/static/chunks/node_modules_next_dist_1ybzpk2._.js:2477
[  345811ms] [LOG] [Fast Refresh] rebuilding @ http://localhost:3001/_next/static/chunks/node_modules_next_dist_1ybzpk2._.js:2477
[  345952ms] [LOG] [Fast Refresh] done in 247ms @ http://localhost:3001/_next/static/chunks/node_modules_next_dist_1ybzpk2._.js:2477
[  346058ms] [LOG] [Fast Refresh] rebuilding @ http://localhost:3001/_next/static/chunks/node_modules_next_dist_1ybzpk2._.js:2477
[  346147ms] [LOG] [Fast Refresh] done in 193ms @ http://localhost:3001/_next/static/chunks/node_modules_next_dist_1ybzpk2._.js:2477
[  346744ms] [LOG] [Fast Refresh] rebuilding @ http://localhost:3001/_next/static/chunks/node_modules_next_dist_1ybzpk2._.js:2477
[  346887ms] [LOG] [Fast Refresh] done in 258ms @ http://localhost:3001/_next/static/chunks/node_modules_next_dist_1ybzpk2._.js:2477
[  347518ms] [LOG] [Fast Refresh] rebuilding @ http://localhost:3001/_next/static/chunks/node_modules_next_dist_1ybzpk2._.js:2477
[  347580ms] [LOG] [Fast Refresh] done in 163ms @ http://localhost:3001/_next/static/chunks/node_modules_next_dist_1ybzpk2._.js:2477
[  347689ms] [LOG] [Fast Refresh] rebuilding @ http://localhost:3001/_next/static/chunks/node_modules_next_dist_1ybzpk2._.js:2477
[  347960ms] [LOG] [Fast Refresh] done in 380ms @ http://localhost:3001/_next/static/chunks/node_modules_next_dist_1ybzpk2._.js:2477
[  348438ms] [LOG] [Fast Refresh] rebuilding @ http://localhost:3001/_next/static/chunks/node_modules_next_dist_1ybzpk2._.js:2477
[  348467ms] [LOG] [Fast Refresh] done in 137ms @ http://localhost:3001/_next/static/chunks/node_modules_next_dist_1ybzpk2._.js:2477
[  348577ms] [LOG] [Fast Refresh] rebuilding @ http://localhost:3001/_next/static/chunks/node_modules_next_dist_1ybzpk2._.js:2477
[  348880ms] [LOG] [Fast Refresh] done in 411ms @ http://localhost:3001/_next/static/chunks/node_modules_next_dist_1ybzpk2._.js:2477
[  349341ms] [LOG] [Fast Refresh] rebuilding @ http://localhost:3001/_next/static/chunks/node_modules_next_dist_1ybzpk2._.js:2477
[  349348ms] [LOG] [Fast Refresh] done in 120ms @ http://localhost:3001/_next/static/chunks/node_modules_next_dist_1ybzpk2._.js:2477
[  349543ms] [LOG] [Fast Refresh] rebuilding @ http://localhost:3001/_next/static/chunks/node_modules_next_dist_1ybzpk2._.js:2477
[  349845ms] [LOG] [Fast Refresh] done in 404ms @ http://localhost:3001/_next/static/chunks/node_modules_next_dist_1ybzpk2._.js:2477
[  350261ms] [LOG] [Fast Refresh] rebuilding @ http://localhost:3001/_next/static/chunks/node_modules_next_dist_1ybzpk2._.js:2477
[  350283ms] [LOG] [Fast Refresh] done in 134ms @ http://localhost:3001/_next/static/chunks/node_modules_next_dist_1ybzpk2._.js:2477
[  350415ms] [LOG] [Fast Refresh] rebuilding @ http://localhost:3001/_next/static/chunks/node_modules_next_dist_1ybzpk2._.js:2477
[  350748ms] [LOG] [Fast Refresh] done in 436ms @ http://localhost:3001/_next/static/chunks/node_modules_next_dist_1ybzpk2._.js:2477
[  351209ms] [LOG] [Fast Refresh] rebuilding @ http://localhost:3001/_next/static/chunks/node_modules_next_dist_1ybzpk2._.js:2477
[  351440ms] [LOG] [Fast Refresh] done in 339ms @ http://localhost:3001/_next/static/chunks/node_modules_next_dist_1ybzpk2._.js:2477
[  351543ms] [LOG] [Fast Refresh] rebuilding @ http://localhost:3001/_next/static/chunks/node_modules_next_dist_1ybzpk2._.js:2477
[  351654ms] [LOG] [Fast Refresh] done in 212ms @ http://localhost:3001/_next/static/chunks/node_modules_next_dist_1ybzpk2._.js:2477
[  352221ms] [LOG] [Fast Refresh] rebuilding @ http://localhost:3001/_next/static/chunks/node_modules_next_dist_1ybzpk2._.js:2477
[  352584ms] [LOG] [Fast Refresh] done in 468ms @ http://localhost:3001/_next/static/chunks/node_modules_next_dist_1ybzpk2._.js:2477
[  353188ms] [LOG] [Fast Refresh] rebuilding @ http://localhost:3001/_next/static/chunks/node_modules_next_dist_1ybzpk2._.js:2477
[  353257ms] [LOG] [Fast Refresh] done in 182ms @ http://localhost:3001/_next/static/chunks/node_modules_next_dist_1ybzpk2._.js:2477
[  355985ms] [LOG] [Fast Refresh] rebuilding @ http://localhost:3001/_next/static/chunks/node_modules_next_dist_1ybzpk2._.js:2477
[  361715ms] [LOG] [Fast Refresh] done in 5899ms @ http://localhost:3001/_next/static/chunks/node_modules_next_dist_1ybzpk2._.js:2477
[  361843ms] [LOG] [Fast Refresh] rebuilding @ http://localhost:3001/_next/static/chunks/node_modules_next_dist_1ybzpk2._.js:2477
[  363073ms] [LOG] [Fast Refresh] done in 1333ms @ http://localhost:3001/_next/static/chunks/node_modules_next_dist_1ybzpk2._.js:2477
[  363211ms] [LOG] [Fast Refresh] rebuilding @ http://localhost:3001/_next/static/chunks/node_modules_next_dist_1ybzpk2._.js:2477
[  364481ms] [LOG] [Fast Refresh] done in 1386ms @ http://localhost:3001/_next/static/chunks/node_modules_next_dist_1ybzpk2._.js:2477
[  364714ms] [LOG] [Fast Refresh] rebuilding @ http://localhost:3001/_next/static/chunks/node_modules_next_dist_1ybzpk2._.js:2477
[  364741ms] [LOG] [Fast Refresh] done in 137ms @ http://localhost:3001/_next/static/chunks/node_modules_next_dist_1ybzpk2._.js:2477
[  365254ms] [LOG] [Fast Refresh] rebuilding @ http://localhost:3001/_next/static/chunks/node_modules_next_dist_1ybzpk2._.js:2477
[  365268ms] [LOG] [Fast Refresh] done in 124ms @ http://localhost:3001/_next/static/chunks/node_modules_next_dist_1ybzpk2._.js:2477
[  365397ms] [LOG] [Fast Refresh] rebuilding @ http://localhost:3001/_next/static/chunks/node_modules_next_dist_1ybzpk2._.js:2477
[  365421ms] [LOG] [Fast Refresh] done in 138ms @ http://localhost:3001/_next/static/chunks/node_modules_next_dist_1ybzpk2._.js:2477
[  365568ms] [LOG] [Fast Refresh] rebuilding @ http://localhost:3001/_next/static/chunks/node_modules_next_dist_1ybzpk2._.js:2477
[  365624ms] [LOG] [Fast Refresh] done in 172ms @ http://localhost:3001/_next/static/chunks/node_modules_next_dist_1ybzpk2._.js:2477
[  365844ms] [LOG] [Fast Refresh] rebuilding @ http://localhost:3001/_next/static/chunks/node_modules_next_dist_1ybzpk2._.js:2477
[  365896ms] [LOG] [Fast Refresh] done in 155ms @ http://localhost:3001/_next/static/chunks/node_modules_next_dist_1ybzpk2._.js:2477
[  365999ms] [LOG] [Fast Refresh] rebuilding @ http://localhost:3001/_next/static/chunks/node_modules_next_dist_1ybzpk2._.js:2477
[  366074ms] [LOG] [Fast Refresh] done in 176ms @ http://localhost:3001/_next/static/chunks/node_modules_next_dist_1ybzpk2._.js:2477
[  366307ms] [LOG] [Fast Refresh] rebuilding @ http://localhost:3001/_next/static/chunks/node_modules_next_dist_1ybzpk2._.js:2477
[  366311ms] [LOG] [Fast Refresh] done in 112ms @ http://localhost:3001/_next/static/chunks/node_modules_next_dist_1ybzpk2._.js:2477
[  367002ms] [LOG] [Fast Refresh] rebuilding @ http://localhost:3001/_next/static/chunks/node_modules_next_dist_1ybzpk2._.js:2477
[  367098ms] [LOG] [Fast Refresh] done in 207ms @ http://localhost:3001/_next/static/chunks/node_modules_next_dist_1ybzpk2._.js:2477
[  367313ms] [LOG] [Fast Refresh] rebuilding @ http://localhost:3001/_next/static/chunks/node_modules_next_dist_1ybzpk2._.js:2477
[  367325ms] [LOG] [Fast Refresh] done in 115ms @ http://localhost:3001/_next/static/chunks/node_modules_next_dist_1ybzpk2._.js:2477
[  367483ms] [LOG] [Fast Refresh] rebuilding @ http://localhost:3001/_next/static/chunks/node_modules_next_dist_1ybzpk2._.js:2477
[  367541ms] [LOG] [Fast Refresh] done in 168ms @ http://localhost:3001/_next/static/chunks/node_modules_next_dist_1ybzpk2._.js:2477
[  367761ms] [LOG] [Fast Refresh] rebuilding @ http://localhost:3001/_next/static/chunks/node_modules_next_dist_1ybzpk2._.js:2477
[  367810ms] [LOG] [Fast Refresh] done in 149ms @ http://localhost:3001/_next/static/chunks/node_modules_next_dist_1ybzpk2._.js:2477
[  368248ms] [LOG] [Fast Refresh] rebuilding @ http://localhost:3001/_next/static/chunks/node_modules_next_dist_1ybzpk2._.js:2477
[  368326ms] [LOG] [Fast Refresh] done in 190ms @ http://localhost:3001/_next/static/chunks/node_modules_next_dist_1ybzpk2._.js:2477
[  368965ms] [LOG] [Fast Refresh] rebuilding @ http://localhost:3001/_next/static/chunks/node_modules_next_dist_1ybzpk2._.js:2477
[  369002ms] [LOG] [Fast Refresh] done in 146ms @ http://localhost:3001/_next/static/chunks/node_modules_next_dist_1ybzpk2._.js:2477
[  369113ms] [LOG] [Fast Refresh] rebuilding @ http://localhost:3001/_next/static/chunks/node_modules_next_dist_1ybzpk2._.js:2477
[  375325ms] [LOG] [Fast Refresh] done in 6309ms @ http://localhost:3001/_next/static/chunks/node_modules_next_dist_1ybzpk2._.js:2477
[  376790ms] [LOG] [Fast Refresh] rebuilding @ http://localhost:3001/_next/static/chunks/node_modules_next_dist_1ybzpk2._.js:2477
[  376923ms] [LOG] [Fast Refresh] done in 237ms @ http://localhost:3001/_next/static/chunks/node_modules_next_dist_1ybzpk2._.js:2477
[  377239ms] [LOG] [Fast Refresh] rebuilding @ http://localhost:3001/_next/static/chunks/node_modules_next_dist_1ybzpk2._.js:2477
[  377247ms] [LOG] [Fast Refresh] done in 119ms @ http://localhost:3001/_next/static/chunks/node_modules_next_dist_1ybzpk2._.js:2477
[  378017ms] [LOG] [Fast Refresh] rebuilding @ http://localhost:3001/_next/static/chunks/node_modules_next_dist_1ybzpk2._.js:2477
[  378019ms] [LOG] [Fast Refresh] done in 104ms @ http://localhost:3001/_next/static/chunks/node_modules_next_dist_1ybzpk2._.js:2477
[  378173ms] [LOG] [Fast Refresh] rebuilding @ http://localhost:3001/_next/static/chunks/node_modules_next_dist_1ybzpk2._.js:2477
[  378189ms] [LOG] [Fast Refresh] done in 120ms @ http://localhost:3001/_next/static/chunks/node_modules_next_dist_1ybzpk2._.js:2477
[  378376ms] [LOG] [Fast Refresh] rebuilding @ http://localhost:3001/_next/static/chunks/node_modules_next_dist_1ybzpk2._.js:2477
[  378546ms] [LOG] [Fast Refresh] done in 276ms @ http://localhost:3001/_next/static/chunks/node_modules_next_dist_1ybzpk2._.js:2477
[  378702ms] [LOG] [Fast Refresh] rebuilding @ http://localhost:3001/_next/static/chunks/node_modules_next_dist_1ybzpk2._.js:2477
[  378721ms] [LOG] [Fast Refresh] done in 121ms @ http://localhost:3001/_next/static/chunks/node_modules_next_dist_1ybzpk2._.js:2477
[  378857ms] [LOG] [Fast Refresh] rebuilding @ http://localhost:3001/_next/static/chunks/node_modules_next_dist_1ybzpk2._.js:2477
[  379482ms] [LOG] [Fast Refresh] done in 731ms @ http://localhost:3001/_next/static/chunks/node_modules_next_dist_1ybzpk2._.js:2477
[  379683ms] [LOG] [Fast Refresh] rebuilding @ http://localhost:3001/_next/static/chunks/node_modules_next_dist_1ybzpk2._.js:2477
[  379766ms] [LOG] [Fast Refresh] done in 190ms @ http://localhost:3001/_next/static/chunks/node_modules_next_dist_1ybzpk2._.js:2477
[  380042ms] [LOG] [Fast Refresh] rebuilding @ http://localhost:3001/_next/static/chunks/node_modules_next_dist_1ybzpk2._.js:2477
[  380045ms] [LOG] [Fast Refresh] done in 117ms @ http://localhost:3001/_next/static/chunks/node_modules_next_dist_1ybzpk2._.js:2477
[  380462ms] [LOG] [Fast Refresh] rebuilding @ http://localhost:3001/_next/static/chunks/node_modules_next_dist_1ybzpk2._.js:2477
[  380502ms] [LOG] [Fast Refresh] done in 148ms @ http://localhost:3001/_next/static/chunks/node_modules_next_dist_1ybzpk2._.js:2477
[  380615ms] [LOG] [Fast Refresh] rebuilding @ http://localhost:3001/_next/static/chunks/node_modules_next_dist_1ybzpk2._.js:2477
[  380672ms] [LOG] [Fast Refresh] done in 168ms @ http://localhost:3001/_next/static/chunks/node_modules_next_dist_1ybzpk2._.js:2477
[  380818ms] [LOG] [Fast Refresh] rebuilding @ http://localhost:3001/_next/static/chunks/node_modules_next_dist_1ybzpk2._.js:2477
[  380934ms] [LOG] [Fast Refresh] done in 231ms @ http://localhost:3001/_next/static/chunks/node_modules_next_dist_1ybzpk2._.js:2477
[  381554ms] [LOG] [Fast Refresh] rebuilding @ http://localhost:3001/_next/static/chunks/node_modules_next_dist_1ybzpk2._.js:2477
[  382001ms] [LOG] [Fast Refresh] done in 560ms @ http://localhost:3001/_next/static/chunks/node_modules_next_dist_1ybzpk2._.js:2477
[  385368ms] [LOG] [Fast Refresh] rebuilding @ http://localhost:3001/_next/static/chunks/node_modules_next_dist_1ybzpk2._.js:2477
[  385552ms] [LOG] [Fast Refresh] done in 291ms @ http://localhost:3001/_next/static/chunks/node_modules_next_dist_1ybzpk2._.js:2477
[  386082ms] [LOG] [Fast Refresh] rebuilding @ http://localhost:3001/_next/static/chunks/node_modules_next_dist_1ybzpk2._.js:2477
[  386101ms] [LOG] [Fast Refresh] done in 123ms @ http://localhost:3001/_next/static/chunks/node_modules_next_dist_1ybzpk2._.js:2477
[  386254ms] [LOG] [Fast Refresh] rebuilding @ http://localhost:3001/_next/static/chunks/node_modules_next_dist_1ybzpk2._.js:2477
[  386275ms] [LOG] [Fast Refresh] done in 135ms @ http://localhost:3001/_next/static/chunks/node_modules_next_dist_1ybzpk2._.js:2477
[  386630ms] [LOG] [Fast Refresh] rebuilding @ http://localhost:3001/_next/static/chunks/node_modules_next_dist_1ybzpk2._.js:2477
[  386684ms] [LOG] [Fast Refresh] done in 164ms @ http://localhost:3001/_next/static/chunks/node_modules_next_dist_1ybzpk2._.js:2477
[  386786ms] [LOG] [Fast Refresh] rebuilding @ http://localhost:3001/_next/static/chunks/node_modules_next_dist_1ybzpk2._.js:2477
[  386793ms] [LOG] [Fast Refresh] done in 107ms @ http://localhost:3001/_next/static/chunks/node_modules_next_dist_1ybzpk2._.js:2477
[  386909ms] [LOG] [Fast Refresh] rebuilding @ http://localhost:3001/_next/static/chunks/node_modules_next_dist_1ybzpk2._.js:2477
[  387443ms] [LOG] [Fast Refresh] done in 647ms @ http://localhost:3001/_next/static/chunks/node_modules_next_dist_1ybzpk2._.js:2477
[  389398ms] [LOG] [Fast Refresh] rebuilding @ http://localhost:3001/_next/static/chunks/node_modules_next_dist_1ybzpk2._.js:2477
[  389416ms] [LOG] [Fast Refresh] done in 128ms @ http://localhost:3001/_next/static/chunks/node_modules_next_dist_1ybzpk2._.js:2477
[  389760ms] [LOG] [Fast Refresh] rebuilding @ http://localhost:3001/_next/static/chunks/node_modules_next_dist_1ybzpk2._.js:2477
[  389804ms] [LOG] [Fast Refresh] done in 152ms @ http://localhost:3001/_next/static/chunks/node_modules_next_dist_1ybzpk2._.js:2477
[  389916ms] [LOG] [Fast Refresh] rebuilding @ http://localhost:3001/_next/static/chunks/node_modules_next_dist_1ybzpk2._.js:2477
[  389942ms] [LOG] [Fast Refresh] done in 137ms @ http://localhost:3001/_next/static/chunks/node_modules_next_dist_1ybzpk2._.js:2477
[  390055ms] [LOG] [Fast Refresh] rebuilding @ http://localhost:3001/_next/static/chunks/node_modules_next_dist_1ybzpk2._.js:2477
[  390099ms] [LOG] [Fast Refresh] done in 154ms @ http://localhost:3001/_next/static/chunks/node_modules_next_dist_1ybzpk2._.js:2477
[  390757ms] [LOG] [Fast Refresh] rebuilding @ http://localhost:3001/_next/static/chunks/node_modules_next_dist_1ybzpk2._.js:2477
[  390940ms] [LOG] [Fast Refresh] done in 290ms @ http://localhost:3001/_next/static/chunks/node_modules_next_dist_1ybzpk2._.js:2477
[  391086ms] [LOG] [Fast Refresh] rebuilding @ http://localhost:3001/_next/static/chunks/node_modules_next_dist_1ybzpk2._.js:2477
[  391113ms] [LOG] [Fast Refresh] done in 139ms @ http://localhost:3001/_next/static/chunks/node_modules_next_dist_1ybzpk2._.js:2477
[  391227ms] [LOG] [Fast Refresh] rebuilding @ http://localhost:3001/_next/static/chunks/node_modules_next_dist_1ybzpk2._.js:2477
[  391235ms] [LOG] [Fast Refresh] done in 121ms @ http://localhost:3001/_next/static/chunks/node_modules_next_dist_1ybzpk2._.js:2477
[  391475ms] [LOG] [Fast Refresh] rebuilding @ http://localhost:3001/_next/static/chunks/node_modules_next_dist_1ybzpk2._.js:2477
[  391520ms] [LOG] [Fast Refresh] done in 160ms @ http://localhost:3001/_next/static/chunks/node_modules_next_dist_1ybzpk2._.js:2477
[  391725ms] [LOG] [Fast Refresh] rebuilding @ http://localhost:3001/_next/static/chunks/node_modules_next_dist_1ybzpk2._.js:2477
[  391737ms] [LOG] [Fast Refresh] done in 119ms @ http://localhost:3001/_next/static/chunks/node_modules_next_dist_1ybzpk2._.js:2477
[  391879ms] [LOG] [Fast Refresh] rebuilding @ http://localhost:3001/_next/static/chunks/node_modules_next_dist_1ybzpk2._.js:2477
[  391886ms] [LOG] [Fast Refresh] done in 117ms @ http://localhost:3001/_next/static/chunks/node_modules_next_dist_1ybzpk2._.js:2477
[  391995ms] [LOG] [Fast Refresh] rebuilding @ http://localhost:3001/_next/static/chunks/node_modules_next_dist_1ybzpk2._.js:2477
[  392106ms] [LOG] [Fast Refresh] done in 219ms @ http://localhost:3001/_next/static/chunks/node_modules_next_dist_1ybzpk2._.js:2477
[  392248ms] [LOG] [Fast Refresh] rebuilding @ http://localhost:3001/_next/static/chunks/node_modules_next_dist_1ybzpk2._.js:2477
[  392315ms] [LOG] [Fast Refresh] done in 173ms @ http://localhost:3001/_next/static/chunks/node_modules_next_dist_1ybzpk2._.js:2477
[  392638ms] [LOG] [Fast Refresh] rebuilding @ http://localhost:3001/_next/static/chunks/node_modules_next_dist_1ybzpk2._.js:2477
[  392794ms] [LOG] [Fast Refresh] done in 260ms @ http://localhost:3001/_next/static/chunks/node_modules_next_dist_1ybzpk2._.js:2477
[  393036ms] [LOG] [Fast Refresh] rebuilding @ http://localhost:3001/_next/static/chunks/node_modules_next_dist_1ybzpk2._.js:2477
[  393066ms] [LOG] [Fast Refresh] done in 138ms @ http://localhost:3001/_next/static/chunks/node_modules_next_dist_1ybzpk2._.js:2477
[  393175ms] [LOG] [Fast Refresh] rebuilding @ http://localhost:3001/_next/static/chunks/node_modules_next_dist_1ybzpk2._.js:2477
[  393185ms] [LOG] [Fast Refresh] done in 117ms @ http://localhost:3001/_next/static/chunks/node_modules_next_dist_1ybzpk2._.js:2477
[  393468ms] [LOG] [Fast Refresh] rebuilding @ http://localhost:3001/_next/static/chunks/node_modules_next_dist_1ybzpk2._.js:2477
[  393501ms] [LOG] [Fast Refresh] done in 142ms @ http://localhost:3001/_next/static/chunks/node_modules_next_dist_1ybzpk2._.js:2477
[  394174ms] [LOG] [Fast Refresh] rebuilding @ http://localhost:3001/_next/static/chunks/node_modules_next_dist_1ybzpk2._.js:2477
[  394196ms] [LOG] [Fast Refresh] done in 131ms @ http://localhost:3001/_next/static/chunks/node_modules_next_dist_1ybzpk2._.js:2477
[  394486ms] [LOG] [Fast Refresh] rebuilding @ http://localhost:3001/_next/static/chunks/node_modules_next_dist_1ybzpk2._.js:2477
[  394593ms] [LOG] [Fast Refresh] done in 210ms @ http://localhost:3001/_next/static/chunks/node_modules_next_dist_1ybzpk2._.js:2477
[  394968ms] [LOG] [Fast Refresh] rebuilding @ http://localhost:3001/_next/static/chunks/node_modules_next_dist_1ybzpk2._.js:2477
[  395021ms] [LOG] [Fast Refresh] done in 163ms @ http://localhost:3001/_next/static/chunks/node_modules_next_dist_1ybzpk2._.js:2477
[  395465ms] [LOG] [Fast Refresh] rebuilding @ http://localhost:3001/_next/static/chunks/node_modules_next_dist_1ybzpk2._.js:2477
[  395649ms] [LOG] [Fast Refresh] done in 296ms @ http://localhost:3001/_next/static/chunks/node_modules_next_dist_1ybzpk2._.js:2477
[  396801ms] [LOG] [Fast Refresh] rebuilding @ http://localhost:3001/_next/static/chunks/node_modules_next_dist_1ybzpk2._.js:2477
[  397303ms] [LOG] [Fast Refresh] done in 614ms @ http://localhost:3001/_next/static/chunks/node_modules_next_dist_1ybzpk2._.js:2477
[  398652ms] [LOG] [Fast Refresh] rebuilding @ http://localhost:3001/_next/static/chunks/node_modules_next_dist_1ybzpk2._.js:2477
[  398925ms] [LOG] [Fast Refresh] done in 374ms @ http://localhost:3001/_next/static/chunks/node_modules_next_dist_1ybzpk2._.js:2477
[  399900ms] [LOG] [Fast Refresh] rebuilding @ http://localhost:3001/_next/static/chunks/node_modules_next_dist_1ybzpk2._.js:2477
[  399903ms] [LOG] [Fast Refresh] done in 105ms @ http://localhost:3001/_next/static/chunks/node_modules_next_dist_1ybzpk2._.js:2477
[  400194ms] [LOG] [Fast Refresh] rebuilding @ http://localhost:3001/_next/static/chunks/node_modules_next_dist_1ybzpk2._.js:2477
[  400251ms] [LOG] [Fast Refresh] done in 157ms @ http://localhost:3001/_next/static/chunks/node_modules_next_dist_1ybzpk2._.js:2477
[  401788ms] [LOG] [Fast Refresh] rebuilding @ http://localhost:3001/_next/static/chunks/node_modules_next_dist_1ybzpk2._.js:2477
[  401811ms] [LOG] [Fast Refresh] done in 124ms @ http://localhost:3001/_next/static/chunks/node_modules_next_dist_1ybzpk2._.js:2477
[  401928ms] [LOG] [Fast Refresh] rebuilding @ http://localhost:3001/_next/static/chunks/node_modules_next_dist_1ybzpk2._.js:2477
[  402040ms] [LOG] [Fast Refresh] done in 228ms @ http://localhost:3001/_next/static/chunks/node_modules_next_dist_1ybzpk2._.js:2477
[  402209ms] [LOG] [Fast Refresh] rebuilding @ http://localhost:3001/_next/static/chunks/node_modules_next_dist_1ybzpk2._.js:2477
[  402216ms] [LOG] [Fast Refresh] done in 117ms @ http://localhost:3001/_next/static/chunks/node_modules_next_dist_1ybzpk2._.js:2477
[  402570ms] [LOG] [Fast Refresh] rebuilding @ http://localhost:3001/_next/static/chunks/node_modules_next_dist_1ybzpk2._.js:2477
[  402580ms] [LOG] [Fast Refresh] done in 114ms @ http://localhost:3001/_next/static/chunks/node_modules_next_dist_1ybzpk2._.js:2477
[  402685ms] [LOG] [Fast Refresh] rebuilding @ http://localhost:3001/_next/static/chunks/node_modules_next_dist_1ybzpk2._.js:2477
[  402805ms] [LOG] [Fast Refresh] done in 222ms @ http://localhost:3001/_next/static/chunks/node_modules_next_dist_1ybzpk2._.js:2477
[  403555ms] [LOG] [Fast Refresh] rebuilding @ http://localhost:3001/_next/static/chunks/node_modules_next_dist_1ybzpk2._.js:2477
[  403612ms] [LOG] [Fast Refresh] done in 157ms @ http://localhost:3001/_next/static/chunks/node_modules_next_dist_1ybzpk2._.js:2477
[  403915ms] [LOG] [Fast Refresh] rebuilding @ http://localhost:3001/_next/static/chunks/node_modules_next_dist_1ybzpk2._.js:2477
[  403927ms] [LOG] [Fast Refresh] done in 113ms @ http://localhost:3001/_next/static/chunks/node_modules_next_dist_1ybzpk2._.js:2477
[  404038ms] [LOG] [Fast Refresh] rebuilding @ http://localhost:3001/_next/static/chunks/node_modules_next_dist_1ybzpk2._.js:2477
[  404042ms] [LOG] [Fast Refresh] done in 114ms @ http://localhost:3001/_next/static/chunks/node_modules_next_dist_1ybzpk2._.js:2477
[  404188ms] [LOG] [Fast Refresh] rebuilding @ http://localhost:3001/_next/static/chunks/node_modules_next_dist_1ybzpk2._.js:2477
[  404222ms] [LOG] [Fast Refresh] done in 149ms @ http://localhost:3001/_next/static/chunks/node_modules_next_dist_1ybzpk2._.js:2477
[  404345ms] [LOG] [Fast Refresh] rebuilding @ http://localhost:3001/_next/static/chunks/node_modules_next_dist_1ybzpk2._.js:2477
[  404473ms] [LOG] [Fast Refresh] done in 231ms @ http://localhost:3001/_next/static/chunks/node_modules_next_dist_1ybzpk2._.js:2477
[  404595ms] [LOG] [Fast Refresh] rebuilding @ http://localhost:3001/_next/static/chunks/node_modules_next_dist_1ybzpk2._.js:2477
[  404620ms] [LOG] [Fast Refresh] done in 141ms @ http://localhost:3001/_next/static/chunks/node_modules_next_dist_1ybzpk2._.js:2477
[  404781ms] [LOG] [Fast Refresh] rebuilding @ http://localhost:3001/_next/static/chunks/node_modules_next_dist_1ybzpk2._.js:2477
[  404849ms] [LOG] [Fast Refresh] done in 179ms @ http://localhost:3001/_next/static/chunks/node_modules_next_dist_1ybzpk2._.js:2477
[  404965ms] [LOG] [Fast Refresh] rebuilding @ http://localhost:3001/_next/static/chunks/node_modules_next_dist_1ybzpk2._.js:2477
[  404976ms] [LOG] [Fast Refresh] done in 126ms @ http://localhost:3001/_next/static/chunks/node_modules_next_dist_1ybzpk2._.js:2477
[  405126ms] [LOG] [Fast Refresh] rebuilding @ http://localhost:3001/_next/static/chunks/node_modules_next_dist_1ybzpk2._.js:2477
[  405166ms] [LOG] [Fast Refresh] done in 141ms @ http://localhost:3001/_next/static/chunks/node_modules_next_dist_1ybzpk2._.js:2477
[  405784ms] [LOG] [Fast Refresh] rebuilding @ http://localhost:3001/_next/static/chunks/node_modules_next_dist_1ybzpk2._.js:2477
[  405801ms] [LOG] [Fast Refresh] done in 120ms @ http://localhost:3001/_next/static/chunks/node_modules_next_dist_1ybzpk2._.js:2477
[  406183ms] [LOG] [Fast Refresh] rebuilding @ http://localhost:3001/_next/static/chunks/node_modules_next_dist_1ybzpk2._.js:2477
[  406201ms] [LOG] [Fast Refresh] done in 122ms @ http://localhost:3001/_next/static/chunks/node_modules_next_dist_1ybzpk2._.js:2477
[  406564ms] [LOG] [Fast Refresh] rebuilding @ http://localhost:3001/_next/static/chunks/node_modules_next_dist_1ybzpk2._.js:2477
[  406710ms] [LOG] [Fast Refresh] done in 262ms @ http://localhost:3001/_next/static/chunks/node_modules_next_dist_1ybzpk2._.js:2477
[  407292ms] [LOG] [Fast Refresh] rebuilding @ http://localhost:3001/_next/static/chunks/node_modules_next_dist_1ybzpk2._.js:2477
[  407313ms] [LOG] [Fast Refresh] done in 129ms @ http://localhost:3001/_next/static/chunks/node_modules_next_dist_1ybzpk2._.js:2477
[  408143ms] [LOG] [Fast Refresh] rebuilding @ http://localhost:3001/_next/static/chunks/node_modules_next_dist_1ybzpk2._.js:2477
[  408267ms] [LOG] [Fast Refresh] done in 232ms @ http://localhost:3001/_next/static/chunks/node_modules_next_dist_1ybzpk2._.js:2477
[  408686ms] [LOG] [Fast Refresh] rebuilding @ http://localhost:3001/_next/static/chunks/node_modules_next_dist_1ybzpk2._.js:2477
[  408930ms] [LOG] [Fast Refresh] done in 357ms @ http://localhost:3001/_next/static/chunks/node_modules_next_dist_1ybzpk2._.js:2477
[  409757ms] [LOG] [Fast Refresh] rebuilding @ http://localhost:3001/_next/static/chunks/node_modules_next_dist_1ybzpk2._.js:2477
[  410184ms] [LOG] [Fast Refresh] done in 542ms @ http://localhost:3001/_next/static/chunks/node_modules_next_dist_1ybzpk2._.js:2477
[  410875ms] [LOG] [Fast Refresh] rebuilding @ http://localhost:3001/_next/static/chunks/node_modules_next_dist_1ybzpk2._.js:2477
[  411101ms] [LOG] [Fast Refresh] done in 339ms @ http://localhost:3001/_next/static/chunks/node_modules_next_dist_1ybzpk2._.js:2477
[  411279ms] [LOG] [Fast Refresh] rebuilding @ http://localhost:3001/_next/static/chunks/node_modules_next_dist_1ybzpk2._.js:2477
[  411737ms] [LOG] [Fast Refresh] done in 563ms @ http://localhost:3001/_next/static/chunks/node_modules_next_dist_1ybzpk2._.js:2477
[  412604ms] [LOG] [Fast Refresh] rebuilding @ http://localhost:3001/_next/static/chunks/node_modules_next_dist_1ybzpk2._.js:2477
[  412983ms] [LOG] [Fast Refresh] done in 485ms @ http://localhost:3001/_next/static/chunks/node_modules_next_dist_1ybzpk2._.js:2477
[  414407ms] [LOG] [Fast Refresh] rebuilding @ http://localhost:3001/_next/static/chunks/node_modules_next_dist_1ybzpk2._.js:2477
[  415000ms] [LOG] [Fast Refresh] done in 700ms @ http://localhost:3001/_next/static/chunks/node_modules_next_dist_1ybzpk2._.js:2477
[  415937ms] [LOG] [Fast Refresh] rebuilding @ http://localhost:3001/_next/static/chunks/node_modules_next_dist_1ybzpk2._.js:2477
[  415983ms] [LOG] [Fast Refresh] done in 153ms @ http://localhost:3001/_next/static/chunks/node_modules_next_dist_1ybzpk2._.js:2477
[  416087ms] [LOG] [Fast Refresh] rebuilding @ http://localhost:3001/_next/static/chunks/node_modules_next_dist_1ybzpk2._.js:2477
[  416608ms] [LOG] [Fast Refresh] done in 623ms @ http://localhost:3001/_next/static/chunks/node_modules_next_dist_1ybzpk2._.js:2477
[  416945ms] [LOG] [Fast Refresh] rebuilding @ http://localhost:3001/_next/static/chunks/node_modules_next_dist_1ybzpk2._.js:2477
[  417047ms] [LOG] [Fast Refresh] done in 212ms @ http://localhost:3001/_next/static/chunks/node_modules_next_dist_1ybzpk2._.js:2477
[  417162ms] [LOG] [Fast Refresh] rebuilding @ http://localhost:3001/_next/static/chunks/node_modules_next_dist_1ybzpk2._.js:2477
[  417200ms] [LOG] [Fast Refresh] done in 151ms @ http://localhost:3001/_next/static/chunks/node_modules_next_dist_1ybzpk2._.js:2477
[  417644ms] [LOG] [Fast Refresh] rebuilding @ http://localhost:3001/_next/static/chunks/node_modules_next_dist_1ybzpk2._.js:2477
[  417839ms] [LOG] [Fast Refresh] done in 300ms @ http://localhost:3001/_next/static/chunks/node_modules_next_dist_1ybzpk2._.js:2477
[  417953ms] [LOG] [Fast Refresh] rebuilding @ http://localhost:3001/_next/static/chunks/node_modules_next_dist_1ybzpk2._.js:2477
[  418026ms] [LOG] [Fast Refresh] done in 185ms @ http://localhost:3001/_next/static/chunks/node_modules_next_dist_1ybzpk2._.js:2477
[  418133ms] [LOG] [Fast Refresh] rebuilding @ http://localhost:3001/_next/static/chunks/node_modules_next_dist_1ybzpk2._.js:2477
[  418561ms] [LOG] [Fast Refresh] done in 534ms @ http://localhost:3001/_next/static/chunks/node_modules_next_dist_1ybzpk2._.js:2477
[  419564ms] [LOG] [Fast Refresh] rebuilding @ http://localhost:3001/_next/static/chunks/node_modules_next_dist_1ybzpk2._.js:2477
[  419899ms] [LOG] [Fast Refresh] done in 444ms @ http://localhost:3001/_next/static/chunks/node_modules_next_dist_1ybzpk2._.js:2477
[  421170ms] [LOG] [Fast Refresh] rebuilding @ http://localhost:3001/_next/static/chunks/node_modules_next_dist_1ybzpk2._.js:2477
[  421282ms] [LOG] [Fast Refresh] done in 218ms @ http://localhost:3001/_next/static/chunks/node_modules_next_dist_1ybzpk2._.js:2477
[  421890ms] [LOG] [Fast Refresh] rebuilding @ http://localhost:3001/_next/static/chunks/node_modules_next_dist_1ybzpk2._.js:2477
[  421897ms] [LOG] [Fast Refresh] done in 109ms @ http://localhost:3001/_next/static/chunks/node_modules_next_dist_1ybzpk2._.js:2477
[  424161ms] [LOG] [Fast Refresh] rebuilding @ http://localhost:3001/_next/static/chunks/node_modules_next_dist_1ybzpk2._.js:2477
[  424191ms] [LOG] [Fast Refresh] done in 140ms @ http://localhost:3001/_next/static/chunks/node_modules_next_dist_1ybzpk2._.js:2477
[  424298ms] [LOG] [Fast Refresh] rebuilding @ http://localhost:3001/_next/static/chunks/node_modules_next_dist_1ybzpk2._.js:2477
[  424755ms] [LOG] [Fast Refresh] done in 563ms @ http://localhost:3001/_next/static/chunks/node_modules_next_dist_1ybzpk2._.js:2477
[  425681ms] [LOG] [Fast Refresh] rebuilding @ http://localhost:3001/_next/static/chunks/node_modules_next_dist_1ybzpk2._.js:2477
[  425752ms] [LOG] [Fast Refresh] done in 173ms @ http://localhost:3001/_next/static/chunks/node_modules_next_dist_1ybzpk2._.js:2477
[  425902ms] [LOG] [Fast Refresh] rebuilding @ http://localhost:3001/_next/static/chunks/node_modules_next_dist_1ybzpk2._.js:2477
[  425940ms] [LOG] [Fast Refresh] done in 142ms @ http://localhost:3001/_next/static/chunks/node_modules_next_dist_1ybzpk2._.js:2477
[  426056ms] [LOG] [Fast Refresh] rebuilding @ http://localhost:3001/_next/static/chunks/node_modules_next_dist_1ybzpk2._.js:2477
[  426463ms] [LOG] [Fast Refresh] done in 523ms @ http://localhost:3001/_next/static/chunks/node_modules_next_dist_1ybzpk2._.js:2477
[  427178ms] [LOG] [Fast Refresh] rebuilding @ http://localhost:3001/_next/static/chunks/node_modules_next_dist_1ybzpk2._.js:2477
[  427283ms] [LOG] [Fast Refresh] done in 208ms @ http://localhost:3001/_next/static/chunks/node_modules_next_dist_1ybzpk2._.js:2477
[  427472ms] [LOG] [Fast Refresh] rebuilding @ http://localhost:3001/_next/static/chunks/node_modules_next_dist_1ybzpk2._.js:2477
[  427914ms] [LOG] [Fast Refresh] done in 550ms @ http://localhost:3001/_next/static/chunks/node_modules_next_dist_1ybzpk2._.js:2477
[  428185ms] [LOG] [Fast Refresh] rebuilding @ http://localhost:3001/_next/static/chunks/node_modules_next_dist_1ybzpk2._.js:2477
[  428197ms] [LOG] [Fast Refresh] done in 125ms @ http://localhost:3001/_next/static/chunks/node_modules_next_dist_1ybzpk2._.js:2477
[  428309ms] [LOG] [Fast Refresh] rebuilding @ http://localhost:3001/_next/static/chunks/node_modules_next_dist_1ybzpk2._.js:2477
[  428446ms] [LOG] [Fast Refresh] done in 247ms @ http://localhost:3001/_next/static/chunks/node_modules_next_dist_1ybzpk2._.js:2477
[  428558ms] [LOG] [Fast Refresh] rebuilding @ http://localhost:3001/_next/static/chunks/node_modules_next_dist_1ybzpk2._.js:2477
[  428631ms] [LOG] [Fast Refresh] done in 179ms @ http://localhost:3001/_next/static/chunks/node_modules_next_dist_1ybzpk2._.js:2477
[  428793ms] [LOG] [Fast Refresh] rebuilding @ http://localhost:3001/_next/static/chunks/node_modules_next_dist_1ybzpk2._.js:2477
[  428811ms] [LOG] [Fast Refresh] done in 124ms @ http://localhost:3001/_next/static/chunks/node_modules_next_dist_1ybzpk2._.js:2477
[  429068ms] [LOG] [Fast Refresh] rebuilding @ http://localhost:3001/_next/static/chunks/node_modules_next_dist_1ybzpk2._.js:2477
[  429102ms] [LOG] [Fast Refresh] done in 146ms @ http://localhost:3001/_next/static/chunks/node_modules_next_dist_1ybzpk2._.js:2477
[  429209ms] [LOG] [Fast Refresh] rebuilding @ http://localhost:3001/_next/static/chunks/node_modules_next_dist_1ybzpk2._.js:2477
[  429717ms] [LOG] [Fast Refresh] done in 613ms @ http://localhost:3001/_next/static/chunks/node_modules_next_dist_1ybzpk2._.js:2477
[  430228ms] [LOG] [Fast Refresh] rebuilding @ http://localhost:3001/_next/static/chunks/node_modules_next_dist_1ybzpk2._.js:2477
[  430230ms] [LOG] [Fast Refresh] done in 5ms @ http://localhost:3001/_next/static/chunks/node_modules_next_dist_1ybzpk2._.js:2477
[  430773ms] [LOG] [Fast Refresh] rebuilding @ http://localhost:3001/_next/static/chunks/node_modules_next_dist_1ybzpk2._.js:2477
[  431422ms] [LOG] [Fast Refresh] done in 760ms @ http://localhost:3001/_next/static/chunks/node_modules_next_dist_1ybzpk2._.js:2477
[  431530ms] [LOG] [Fast Refresh] rebuilding @ http://localhost:3001/_next/static/chunks/node_modules_next_dist_1ybzpk2._.js:2477
[  431593ms] [LOG] [Fast Refresh] done in 169ms @ http://localhost:3001/_next/static/chunks/node_modules_next_dist_1ybzpk2._.js:2477
[  431699ms] [LOG] [Fast Refresh] rebuilding @ http://localhost:3001/_next/static/chunks/node_modules_next_dist_1ybzpk2._.js:2477
[  431745ms] [LOG] [Fast Refresh] done in 151ms @ http://localhost:3001/_next/static/chunks/node_modules_next_dist_1ybzpk2._.js:2477
[  431854ms] [LOG] [Fast Refresh] rebuilding @ http://localhost:3001/_next/static/chunks/node_modules_next_dist_1ybzpk2._.js:2477
[  432420ms] [LOG] [Fast Refresh] done in 671ms @ http://localhost:3001/_next/static/chunks/node_modules_next_dist_1ybzpk2._.js:2477
[  433768ms] [LOG] [Fast Refresh] rebuilding @ http://localhost:3001/_next/static/chunks/node_modules_next_dist_1ybzpk2._.js:2477
[  433832ms] [LOG] [Fast Refresh] done in 177ms @ http://localhost:3001/_next/static/chunks/node_modules_next_dist_1ybzpk2._.js:2477
[  433937ms] [LOG] [Fast Refresh] rebuilding @ http://localhost:3001/_next/static/chunks/node_modules_next_dist_1ybzpk2._.js:2477
[  433986ms] [LOG] [Fast Refresh] done in 152ms @ http://localhost:3001/_next/static/chunks/node_modules_next_dist_1ybzpk2._.js:2477
[  434090ms] [LOG] [Fast Refresh] rebuilding @ http://localhost:3001/_next/static/chunks/node_modules_next_dist_1ybzpk2._.js:2477
[  434614ms] [LOG] [Fast Refresh] done in 626ms @ http://localhost:3001/_next/static/chunks/node_modules_next_dist_1ybzpk2._.js:2477
[  435270ms] [LOG] [Fast Refresh] rebuilding @ http://localhost:3001/_next/static/chunks/node_modules_next_dist_1ybzpk2._.js:2477
[  435525ms] [LOG] [Fast Refresh] done in 360ms @ http://localhost:3001/_next/static/chunks/node_modules_next_dist_1ybzpk2._.js:2477
[  435749ms] [LOG] [Fast Refresh] rebuilding @ http://localhost:3001/_next/static/chunks/node_modules_next_dist_1ybzpk2._.js:2477
[  436235ms] [LOG] [Fast Refresh] done in 587ms @ http://localhost:3001/_next/static/chunks/node_modules_next_dist_1ybzpk2._.js:2477
[  437536ms] [LOG] [Fast Refresh] rebuilding @ http://localhost:3001/_next/static/chunks/node_modules_next_dist_1ybzpk2._.js:2477
[  437628ms] [LOG] [Fast Refresh] done in 201ms @ http://localhost:3001/_next/static/chunks/node_modules_next_dist_1ybzpk2._.js:2477
[  437780ms] [LOG] [Fast Refresh] rebuilding @ http://localhost:3001/_next/static/chunks/node_modules_next_dist_1ybzpk2._.js:2477
[  438366ms] [LOG] [Fast Refresh] done in 692ms @ http://localhost:3001/_next/static/chunks/node_modules_next_dist_1ybzpk2._.js:2477
[  438683ms] [LOG] [Fast Refresh] rebuilding @ http://localhost:3001/_next/static/chunks/node_modules_next_dist_1ybzpk2._.js:2477
[  438720ms] [LOG] [Fast Refresh] done in 138ms @ http://localhost:3001/_next/static/chunks/node_modules_next_dist_1ybzpk2._.js:2477
[  438834ms] [LOG] [Fast Refresh] rebuilding @ http://localhost:3001/_next/static/chunks/node_modules_next_dist_1ybzpk2._.js:2477
[  438870ms] [LOG] [Fast Refresh] done in 149ms @ http://localhost:3001/_next/static/chunks/node_modules_next_dist_1ybzpk2._.js:2477
[  438973ms] [LOG] [Fast Refresh] rebuilding @ http://localhost:3001/_next/static/chunks/node_modules_next_dist_1ybzpk2._.js:2477
[  439158ms] [LOG] [Fast Refresh] done in 286ms @ http://localhost:3001/_next/static/chunks/node_modules_next_dist_1ybzpk2._.js:2477
[  439490ms] [LOG] [Fast Refresh] rebuilding @ http://localhost:3001/_next/static/chunks/node_modules_next_dist_1ybzpk2._.js:2477
[  441289ms] [LOG] [Fast Refresh] done in 1642ms @ http://localhost:3001/_next/static/chunks/node_modules_next_dist_1ybzpk2._.js:2477
[  441732ms] [LOG] [Fast Refresh] rebuilding @ http://localhost:3001/_next/static/chunks/node_modules_next_dist_1ybzpk2._.js:2477
[  441792ms] [LOG] [Fast Refresh] done in 169ms @ http://localhost:3001/_next/static/chunks/node_modules_next_dist_1ybzpk2._.js:2477
[  441949ms] [LOG] [Fast Refresh] rebuilding @ http://localhost:3001/_next/static/chunks/node_modules_next_dist_1ybzpk2._.js:2477
[  442627ms] [LOG] [Fast Refresh] done in 785ms @ http://localhost:3001/_next/static/chunks/node_modules_next_dist_1ybzpk2._.js:2477
[  443107ms] [LOG] [Fast Refresh] rebuilding @ http://localhost:3001/_next/static/chunks/node_modules_next_dist_1ybzpk2._.js:2477
[  443352ms] [LOG] [Fast Refresh] done in 360ms @ http://localhost:3001/_next/static/chunks/node_modules_next_dist_1ybzpk2._.js:2477
[  443974ms] [LOG] [Fast Refresh] rebuilding @ http://localhost:3001/_next/static/chunks/node_modules_next_dist_1ybzpk2._.js:2477
[  444183ms] [LOG] [Fast Refresh] done in 319ms @ http://localhost:3001/_next/static/chunks/node_modules_next_dist_1ybzpk2._.js:2477
[  444908ms] [LOG] [Fast Refresh] rebuilding @ http://localhost:3001/_next/static/chunks/node_modules_next_dist_1ybzpk2._.js:2477
[  444940ms] [LOG] [Fast Refresh] done in 146ms @ http://localhost:3001/_next/static/chunks/node_modules_next_dist_1ybzpk2._.js:2477
[  445048ms] [LOG] [Fast Refresh] rebuilding @ http://localhost:3001/_next/static/chunks/node_modules_next_dist_1ybzpk2._.js:2477
[  445371ms] [LOG] [Fast Refresh] done in 429ms @ http://localhost:3001/_next/static/chunks/node_modules_next_dist_1ybzpk2._.js:2477
[  445478ms] [LOG] [Fast Refresh] rebuilding @ http://localhost:3001/_next/static/chunks/node_modules_next_dist_1ybzpk2._.js:2477
[  445716ms] [LOG] [Fast Refresh] done in 342ms @ http://localhost:3001/_next/static/chunks/node_modules_next_dist_1ybzpk2._.js:2477
[  446695ms] [LOG] [Fast Refresh] rebuilding @ http://localhost:3001/_next/static/chunks/node_modules_next_dist_1ybzpk2._.js:2477
[  446757ms] [LOG] [Fast Refresh] done in 167ms @ http://localhost:3001/_next/static/chunks/node_modules_next_dist_1ybzpk2._.js:2477
[  446868ms] [LOG] [Fast Refresh] rebuilding @ http://localhost:3001/_next/static/chunks/node_modules_next_dist_1ybzpk2._.js:2477
[  447092ms] [LOG] [Fast Refresh] done in 332ms @ http://localhost:3001/_next/static/chunks/node_modules_next_dist_1ybzpk2._.js:2477
[  448236ms] [LOG] [Fast Refresh] rebuilding @ http://localhost:3001/_next/static/chunks/node_modules_next_dist_1ybzpk2._.js:2477
[  448295ms] [LOG] [Fast Refresh] done in 162ms @ http://localhost:3001/_next/static/chunks/node_modules_next_dist_1ybzpk2._.js:2477
[  448561ms] [LOG] [Fast Refresh] rebuilding @ http://localhost:3001/_next/static/chunks/node_modules_next_dist_1ybzpk2._.js:2477
[  449006ms] [LOG] [Fast Refresh] done in 545ms @ http://localhost:3001/_next/static/chunks/node_modules_next_dist_1ybzpk2._.js:2477
[  449662ms] [LOG] [Fast Refresh] rebuilding @ http://localhost:3001/_next/static/chunks/node_modules_next_dist_1ybzpk2._.js:2477
[  449737ms] [LOG] [Fast Refresh] done in 177ms @ http://localhost:3001/_next/static/chunks/node_modules_next_dist_1ybzpk2._.js:2477
[  450032ms] [LOG] [Fast Refresh] rebuilding @ http://localhost:3001/_next/static/chunks/node_modules_next_dist_1ybzpk2._.js:2477
[  450099ms] [LOG] [Fast Refresh] done in 170ms @ http://localhost:3001/_next/static/chunks/node_modules_next_dist_1ybzpk2._.js:2477
[  450469ms] [LOG] [Fast Refresh] rebuilding @ http://localhost:3001/_next/static/chunks/node_modules_next_dist_1ybzpk2._.js:2477
[  450519ms] [LOG] [Fast Refresh] done in 168ms @ http://localhost:3001/_next/static/chunks/node_modules_next_dist_1ybzpk2._.js:2477
[  450714ms] [LOG] [Fast Refresh] rebuilding @ http://localhost:3001/_next/static/chunks/node_modules_next_dist_1ybzpk2._.js:2477
[  450751ms] [LOG] [Fast Refresh] done in 139ms @ http://localhost:3001/_next/static/chunks/node_modules_next_dist_1ybzpk2._.js:2477
[  450853ms] [LOG] [Fast Refresh] rebuilding @ http://localhost:3001/_next/static/chunks/node_modules_next_dist_1ybzpk2._.js:2477
[  450894ms] [LOG] [Fast Refresh] done in 143ms @ http://localhost:3001/_next/static/chunks/node_modules_next_dist_1ybzpk2._.js:2477
[  451145ms] [LOG] [Fast Refresh] rebuilding @ http://localhost:3001/_next/static/chunks/node_modules_next_dist_1ybzpk2._.js:2477
[  451189ms] [LOG] [Fast Refresh] done in 149ms @ http://localhost:3001/_next/static/chunks/node_modules_next_dist_1ybzpk2._.js:2477
[  451517ms] [LOG] [Fast Refresh] rebuilding @ http://localhost:3001/_next/static/chunks/node_modules_next_dist_1ybzpk2._.js:2477
[  451567ms] [LOG] [Fast Refresh] done in 153ms @ http://localhost:3001/_next/static/chunks/node_modules_next_dist_1ybzpk2._.js:2477
[  452545ms] [LOG] [Fast Refresh] rebuilding @ http://localhost:3001/_next/static/chunks/node_modules_next_dist_1ybzpk2._.js:2477
[  452602ms] [LOG] [Fast Refresh] done in 171ms @ http://localhost:3001/_next/static/chunks/node_modules_next_dist_1ybzpk2._.js:2477
[  452760ms] [LOG] [Fast Refresh] rebuilding @ http://localhost:3001/_next/static/chunks/node_modules_next_dist_1ybzpk2._.js:2477
[  454698ms] [LOG] [Fast Refresh] done in 2049ms @ http://localhost:3001/_next/static/chunks/node_modules_next_dist_1ybzpk2._.js:2477
[  454949ms] [LOG] [Fast Refresh] rebuilding @ http://localhost:3001/_next/static/chunks/node_modules_next_dist_1ybzpk2._.js:2477
[  455267ms] [LOG] [Fast Refresh] done in 428ms @ http://localhost:3001/_next/static/chunks/node_modules_next_dist_1ybzpk2._.js:2477
[  455617ms] [LOG] [Fast Refresh] rebuilding @ http://localhost:3001/_next/static/chunks/node_modules_next_dist_1ybzpk2._.js:2477
[  455634ms] [LOG] [Fast Refresh] done in 118ms @ http://localhost:3001/_next/static/chunks/node_modules_next_dist_1ybzpk2._.js:2477
[  455773ms] [LOG] [Fast Refresh] rebuilding @ http://localhost:3001/_next/static/chunks/node_modules_next_dist_1ybzpk2._.js:2477
[  456049ms] [LOG] [Fast Refresh] done in 385ms @ http://localhost:3001/_next/static/chunks/node_modules_next_dist_1ybzpk2._.js:2477
[  456521ms] [LOG] [Fast Refresh] rebuilding @ http://localhost:3001/_next/static/chunks/node_modules_next_dist_1ybzpk2._.js:2477
[  456868ms] [LOG] [Fast Refresh] done in 448ms @ http://localhost:3001/_next/static/chunks/node_modules_next_dist_1ybzpk2._.js:2477
[  457742ms] [LOG] [Fast Refresh] rebuilding @ http://localhost:3001/_next/static/chunks/node_modules_next_dist_1ybzpk2._.js:2477
[  457861ms] [LOG] [Fast Refresh] done in 230ms @ http://localhost:3001/_next/static/chunks/node_modules_next_dist_1ybzpk2._.js:2477
[  458189ms] [LOG] [Fast Refresh] rebuilding @ http://localhost:3001/_next/static/chunks/node_modules_next_dist_1ybzpk2._.js:2477
[  458233ms] [LOG] [Fast Refresh] done in 152ms @ http://localhost:3001/_next/static/chunks/node_modules_next_dist_1ybzpk2._.js:2477
[  458485ms] [LOG] [Fast Refresh] rebuilding @ http://localhost:3001/_next/static/chunks/node_modules_next_dist_1ybzpk2._.js:2477
[  458632ms] [LOG] [Fast Refresh] done in 249ms @ http://localhost:3001/_next/static/chunks/node_modules_next_dist_1ybzpk2._.js:2477
[  458749ms] [LOG] [Fast Refresh] rebuilding @ http://localhost:3001/_next/static/chunks/node_modules_next_dist_1ybzpk2._.js:2477
[  458760ms] [LOG] [Fast Refresh] done in 127ms @ http://localhost:3001/_next/static/chunks/node_modules_next_dist_1ybzpk2._.js:2477
[  459461ms] [LOG] [Fast Refresh] rebuilding @ http://localhost:3001/_next/static/chunks/node_modules_next_dist_1ybzpk2._.js:2477
[  459576ms] [LOG] [Fast Refresh] done in 224ms @ http://localhost:3001/_next/static/chunks/node_modules_next_dist_1ybzpk2._.js:2477
[  459690ms] [LOG] [Fast Refresh] rebuilding @ http://localhost:3001/_next/static/chunks/node_modules_next_dist_1ybzpk2._.js:2477
[  460749ms] [LOG] [Fast Refresh] done in 1167ms @ http://localhost:3001/_next/static/chunks/node_modules_next_dist_1ybzpk2._.js:2477
[  460957ms] [LOG] [Fast Refresh] rebuilding @ http://localhost:3001/_next/static/chunks/node_modules_next_dist_1ybzpk2._.js:2477
[  461008ms] [LOG] [Fast Refresh] done in 152ms @ http://localhost:3001/_next/static/chunks/node_modules_next_dist_1ybzpk2._.js:2477
[  461115ms] [LOG] [Fast Refresh] rebuilding @ http://localhost:3001/_next/static/chunks/node_modules_next_dist_1ybzpk2._.js:2477
[  461321ms] [LOG] [Fast Refresh] done in 313ms @ http://localhost:3001/_next/static/chunks/node_modules_next_dist_1ybzpk2._.js:2477
[  461810ms] [LOG] [Fast Refresh] rebuilding @ http://localhost:3001/_next/static/chunks/node_modules_next_dist_1ybzpk2._.js:2477
[  462137ms] [LOG] [Fast Refresh] done in 439ms @ http://localhost:3001/_next/static/chunks/node_modules_next_dist_1ybzpk2._.js:2477
[  462291ms] [LOG] [Fast Refresh] rebuilding @ http://localhost:3001/_next/static/chunks/node_modules_next_dist_1ybzpk2._.js:2477
[  462328ms] [LOG] [Fast Refresh] done in 142ms @ http://localhost:3001/_next/static/chunks/node_modules_next_dist_1ybzpk2._.js:2477
[  462545ms] [LOG] [Fast Refresh] rebuilding @ http://localhost:3001/_next/static/chunks/node_modules_next_dist_1ybzpk2._.js:2477
[  462674ms] [LOG] [Fast Refresh] done in 236ms @ http://localhost:3001/_next/static/chunks/node_modules_next_dist_1ybzpk2._.js:2477
[  463116ms] [LOG] [Fast Refresh] rebuilding @ http://localhost:3001/_next/static/chunks/node_modules_next_dist_1ybzpk2._.js:2477
[  463136ms] [LOG] [Fast Refresh] done in 123ms @ http://localhost:3001/_next/static/chunks/node_modules_next_dist_1ybzpk2._.js:2477
[  463290ms] [LOG] [Fast Refresh] rebuilding @ http://localhost:3001/_next/static/chunks/node_modules_next_dist_1ybzpk2._.js:2477
[  463333ms] [LOG] [Fast Refresh] done in 156ms @ http://localhost:3001/_next/static/chunks/node_modules_next_dist_1ybzpk2._.js:2477
[  463518ms] [LOG] [Fast Refresh] rebuilding @ http://localhost:3001/_next/static/chunks/node_modules_next_dist_1ybzpk2._.js:2477
[  463578ms] [LOG] [Fast Refresh] done in 170ms @ http://localhost:3001/_next/static/chunks/node_modules_next_dist_1ybzpk2._.js:2477
[  463687ms] [LOG] [Fast Refresh] rebuilding @ http://localhost:3001/_next/static/chunks/node_modules_next_dist_1ybzpk2._.js:2477
[  463856ms] [LOG] [Fast Refresh] done in 273ms @ http://localhost:3001/_next/static/chunks/node_modules_next_dist_1ybzpk2._.js:2477
[  464406ms] [LOG] [Fast Refresh] rebuilding @ http://localhost:3001/_next/static/chunks/node_modules_next_dist_1ybzpk2._.js:2477
[  464421ms] [LOG] [Fast Refresh] done in 132ms @ http://localhost:3001/_next/static/chunks/node_modules_next_dist_1ybzpk2._.js:2477
[  464622ms] [LOG] [Fast Refresh] rebuilding @ http://localhost:3001/_next/static/chunks/node_modules_next_dist_1ybzpk2._.js:2477
[  464648ms] [LOG] [Fast Refresh] done in 127ms @ http://localhost:3001/_next/static/chunks/node_modules_next_dist_1ybzpk2._.js:2477
[  464779ms] [LOG] [Fast Refresh] rebuilding @ http://localhost:3001/_next/static/chunks/node_modules_next_dist_1ybzpk2._.js:2477
[  464806ms] [LOG] [Fast Refresh] done in 128ms @ http://localhost:3001/_next/static/chunks/node_modules_next_dist_1ybzpk2._.js:2477
[  464931ms] [LOG] [Fast Refresh] rebuilding @ http://localhost:3001/_next/static/chunks/node_modules_next_dist_1ybzpk2._.js:2477
[  464966ms] [LOG] [Fast Refresh] done in 143ms @ http://localhost:3001/_next/static/chunks/node_modules_next_dist_1ybzpk2._.js:2477
[  465071ms] [LOG] [Fast Refresh] rebuilding @ http://localhost:3001/_next/static/chunks/node_modules_next_dist_1ybzpk2._.js:2477
[  467503ms] [LOG] [Fast Refresh] done in 2529ms @ http://localhost:3001/_next/static/chunks/node_modules_next_dist_1ybzpk2._.js:2477
[  467723ms] [LOG] [Fast Refresh] rebuilding @ http://localhost:3001/_next/static/chunks/node_modules_next_dist_1ybzpk2._.js:2477
[  468197ms] [LOG] [Fast Refresh] done in 578ms @ http://localhost:3001/_next/static/chunks/node_modules_next_dist_1ybzpk2._.js:2477
[  468788ms] [LOG] [Fast Refresh] rebuilding @ http://localhost:3001/_next/static/chunks/node_modules_next_dist_1ybzpk2._.js:2477
[  468824ms] [LOG] [Fast Refresh] done in 149ms @ http://localhost:3001/_next/static/chunks/node_modules_next_dist_1ybzpk2._.js:2477
[  468928ms] [LOG] [Fast Refresh] rebuilding @ http://localhost:3001/_next/static/chunks/node_modules_next_dist_1ybzpk2._.js:2477
[  469113ms] [LOG] [Fast Refresh] done in 287ms @ http://localhost:3001/_next/static/chunks/node_modules_next_dist_1ybzpk2._.js:2477
[  469223ms] [LOG] [Fast Refresh] rebuilding @ http://localhost:3001/_next/static/chunks/node_modules_next_dist_1ybzpk2._.js:2477
[  469456ms] [LOG] [Fast Refresh] done in 341ms @ http://localhost:3001/_next/static/chunks/node_modules_next_dist_1ybzpk2._.js:2477
[  469990ms] [LOG] [Fast Refresh] rebuilding @ http://localhost:3001/_next/static/chunks/node_modules_next_dist_1ybzpk2._.js:2477
[  470690ms] [LOG] [Fast Refresh] done in 801ms @ http://localhost:3001/_next/static/chunks/node_modules_next_dist_1ybzpk2._.js:2477
[  470843ms] [LOG] [Fast Refresh] rebuilding @ http://localhost:3001/_next/static/chunks/node_modules_next_dist_1ybzpk2._.js:2477
[  470898ms] [LOG] [Fast Refresh] done in 168ms @ http://localhost:3001/_next/static/chunks/node_modules_next_dist_1ybzpk2._.js:2477
[  471029ms] [LOG] [Fast Refresh] rebuilding @ http://localhost:3001/_next/static/chunks/node_modules_next_dist_1ybzpk2._.js:2477
[  471288ms] [LOG] [Fast Refresh] done in 365ms @ http://localhost:3001/_next/static/chunks/node_modules_next_dist_1ybzpk2._.js:2477
[  471835ms] [LOG] [Fast Refresh] rebuilding @ http://localhost:3001/_next/static/chunks/node_modules_next_dist_1ybzpk2._.js:2477
[  471988ms] [LOG] [Fast Refresh] done in 256ms @ http://localhost:3001/_next/static/chunks/node_modules_next_dist_1ybzpk2._.js:2477
[  472644ms] [LOG] [Fast Refresh] rebuilding @ http://localhost:3001/_next/static/chunks/node_modules_next_dist_1ybzpk2._.js:2477
[  472784ms] [LOG] [Fast Refresh] done in 255ms @ http://localhost:3001/_next/static/chunks/node_modules_next_dist_1ybzpk2._.js:2477
[  472955ms] [LOG] [Fast Refresh] rebuilding @ http://localhost:3001/_next/static/chunks/node_modules_next_dist_1ybzpk2._.js:2477
[  473085ms] [LOG] [Fast Refresh] done in 244ms @ http://localhost:3001/_next/static/chunks/node_modules_next_dist_1ybzpk2._.js:2477
[  473350ms] [LOG] [Fast Refresh] rebuilding @ http://localhost:3001/_next/static/chunks/node_modules_next_dist_1ybzpk2._.js:2477
[  473592ms] [LOG] [Fast Refresh] done in 348ms @ http://localhost:3001/_next/static/chunks/node_modules_next_dist_1ybzpk2._.js:2477
[  473797ms] [LOG] [Fast Refresh] rebuilding @ http://localhost:3001/_next/static/chunks/node_modules_next_dist_1ybzpk2._.js:2477
[  473890ms] [LOG] [Fast Refresh] done in 198ms @ http://localhost:3001/_next/static/chunks/node_modules_next_dist_1ybzpk2._.js:2477
[  474536ms] [LOG] [Fast Refresh] rebuilding @ http://localhost:3001/_next/static/chunks/node_modules_next_dist_1ybzpk2._.js:2477
[  474567ms] [LOG] [Fast Refresh] done in 138ms @ http://localhost:3001/_next/static/chunks/node_modules_next_dist_1ybzpk2._.js:2477
[  474692ms] [LOG] [Fast Refresh] rebuilding @ http://localhost:3001/_next/static/chunks/node_modules_next_dist_1ybzpk2._.js:2477
[  474890ms] [LOG] [Fast Refresh] done in 303ms @ http://localhost:3001/_next/static/chunks/node_modules_next_dist_1ybzpk2._.js:2477
[  475137ms] [LOG] [Fast Refresh] rebuilding @ http://localhost:3001/_next/static/chunks/node_modules_next_dist_1ybzpk2._.js:2477
[  475363ms] [LOG] [Fast Refresh] done in 329ms @ http://localhost:3001/_next/static/chunks/node_modules_next_dist_1ybzpk2._.js:2477
[  475948ms] [LOG] [Fast Refresh] rebuilding @ http://localhost:3001/_next/static/chunks/node_modules_next_dist_1ybzpk2._.js:2477
[  475953ms] [LOG] [Fast Refresh] done in 111ms @ http://localhost:3001/_next/static/chunks/node_modules_next_dist_1ybzpk2._.js:2477
[  476103ms] [LOG] [Fast Refresh] rebuilding @ http://localhost:3001/_next/static/chunks/node_modules_next_dist_1ybzpk2._.js:2477
[  476148ms] [LOG] [Fast Refresh] done in 156ms @ http://localhost:3001/_next/static/chunks/node_modules_next_dist_1ybzpk2._.js:2477
[  476351ms] [LOG] [Fast Refresh] rebuilding @ http://localhost:3001/_next/static/chunks/node_modules_next_dist_1ybzpk2._.js:2477
[  476532ms] [LOG] [Fast Refresh] done in 287ms @ http://localhost:3001/_next/static/chunks/node_modules_next_dist_1ybzpk2._.js:2477
[  478131ms] [LOG] [Fast Refresh] rebuilding @ http://localhost:3001/_next/static/chunks/node_modules_next_dist_1ybzpk2._.js:2477
[  478150ms] [LOG] [Fast Refresh] done in 124ms @ http://localhost:3001/_next/static/chunks/node_modules_next_dist_1ybzpk2._.js:2477
[  478905ms] [LOG] [Fast Refresh] rebuilding @ http://localhost:3001/_next/static/chunks/node_modules_next_dist_1ybzpk2._.js:2477
[  478915ms] [LOG] [Fast Refresh] done in 113ms @ http://localhost:3001/_next/static/chunks/node_modules_next_dist_1ybzpk2._.js:2477
[  479111ms] [LOG] [Fast Refresh] rebuilding @ http://localhost:3001/_next/static/chunks/node_modules_next_dist_1ybzpk2._.js:2477
[  479210ms] [LOG] [Fast Refresh] done in 205ms @ http://localhost:3001/_next/static/chunks/node_modules_next_dist_1ybzpk2._.js:2477
[  479472ms] [LOG] [Fast Refresh] rebuilding @ http://localhost:3001/_next/static/chunks/node_modules_next_dist_1ybzpk2._.js:2477
[  479497ms] [LOG] [Fast Refresh] done in 129ms @ http://localhost:3001/_next/static/chunks/node_modules_next_dist_1ybzpk2._.js:2477
[  479816ms] [LOG] [Fast Refresh] rebuilding @ http://localhost:3001/_next/static/chunks/node_modules_next_dist_1ybzpk2._.js:2477
[  479844ms] [LOG] [Fast Refresh] done in 138ms @ http://localhost:3001/_next/static/chunks/node_modules_next_dist_1ybzpk2._.js:2477
[  479956ms] [LOG] [Fast Refresh] rebuilding @ http://localhost:3001/_next/static/chunks/node_modules_next_dist_1ybzpk2._.js:2477
[  479965ms] [LOG] [Fast Refresh] done in 120ms @ http://localhost:3001/_next/static/chunks/node_modules_next_dist_1ybzpk2._.js:2477
[  480248ms] [LOG] [Fast Refresh] rebuilding @ http://localhost:3001/_next/static/chunks/node_modules_next_dist_1ybzpk2._.js:2477
[  480268ms] [LOG] [Fast Refresh] done in 122ms @ http://localhost:3001/_next/static/chunks/node_modules_next_dist_1ybzpk2._.js:2477
[  480402ms] [LOG] [Fast Refresh] rebuilding @ http://localhost:3001/_next/static/chunks/node_modules_next_dist_1ybzpk2._.js:2477
[  480525ms] [LOG] [Fast Refresh] done in 229ms @ http://localhost:3001/_next/static/chunks/node_modules_next_dist_1ybzpk2._.js:2477
[  480821ms] [LOG] [Fast Refresh] rebuilding @ http://localhost:3001/_next/static/chunks/node_modules_next_dist_1ybzpk2._.js:2477
[  480851ms] [LOG] [Fast Refresh] done in 139ms @ http://localhost:3001/_next/static/chunks/node_modules_next_dist_1ybzpk2._.js:2477
[  481363ms] [LOG] [Fast Refresh] rebuilding @ http://localhost:3001/_next/static/chunks/node_modules_next_dist_1ybzpk2._.js:2477
[  481379ms] [LOG] [Fast Refresh] done in 127ms @ http://localhost:3001/_next/static/chunks/node_modules_next_dist_1ybzpk2._.js:2477
[  481547ms] [LOG] [Fast Refresh] rebuilding @ http://localhost:3001/_next/static/chunks/node_modules_next_dist_1ybzpk2._.js:2477
[  481596ms] [LOG] [Fast Refresh] done in 161ms @ http://localhost:3001/_next/static/chunks/node_modules_next_dist_1ybzpk2._.js:2477
[  482430ms] [LOG] [Fast Refresh] rebuilding @ http://localhost:3001/_next/static/chunks/node_modules_next_dist_1ybzpk2._.js:2477
[  482517ms] [LOG] [Fast Refresh] done in 193ms @ http://localhost:3001/_next/static/chunks/node_modules_next_dist_1ybzpk2._.js:2477
[  483050ms] [LOG] [Fast Refresh] rebuilding @ http://localhost:3001/_next/static/chunks/node_modules_next_dist_1ybzpk2._.js:2477
[  483201ms] [LOG] [Fast Refresh] done in 258ms @ http://localhost:3001/_next/static/chunks/node_modules_next_dist_1ybzpk2._.js:2477
[  483654ms] [LOG] [Fast Refresh] rebuilding @ http://localhost:3001/_next/static/chunks/node_modules_next_dist_1ybzpk2._.js:2477
[  483669ms] [LOG] [Fast Refresh] done in 118ms @ http://localhost:3001/_next/static/chunks/node_modules_next_dist_1ybzpk2._.js:2477
[  483827ms] [LOG] [Fast Refresh] rebuilding @ http://localhost:3001/_next/static/chunks/node_modules_next_dist_1ybzpk2._.js:2477
[  483991ms] [LOG] [Fast Refresh] done in 271ms @ http://localhost:3001/_next/static/chunks/node_modules_next_dist_1ybzpk2._.js:2477
[  484336ms] [LOG] [Fast Refresh] rebuilding @ http://localhost:3001/_next/static/chunks/node_modules_next_dist_1ybzpk2._.js:2477
[  488109ms] [LOG] [Fast Refresh] done in 3881ms @ http://localhost:3001/_next/static/chunks/node_modules_next_dist_1ybzpk2._.js:2477
[  488288ms] [LOG] [Fast Refresh] rebuilding @ http://localhost:3001/_next/static/chunks/node_modules_next_dist_1ybzpk2._.js:2477
[  488736ms] [LOG] [Fast Refresh] done in 555ms @ http://localhost:3001/_next/static/chunks/node_modules_next_dist_1ybzpk2._.js:2477
[  489623ms] [LOG] [Fast Refresh] rebuilding @ http://localhost:3001/_next/static/chunks/node_modules_next_dist_1ybzpk2._.js:2477
[  489896ms] [LOG] [Fast Refresh] done in 378ms @ http://localhost:3001/_next/static/chunks/node_modules_next_dist_1ybzpk2._.js:2477
[  490045ms] [LOG] [Fast Refresh] rebuilding @ http://localhost:3001/_next/static/chunks/node_modules_next_dist_1ybzpk2._.js:2477
[  490179ms] [LOG] [Fast Refresh] done in 236ms @ http://localhost:3001/_next/static/chunks/node_modules_next_dist_1ybzpk2._.js:2477
[  490326ms] [LOG] [Fast Refresh] rebuilding @ http://localhost:3001/_next/static/chunks/node_modules_next_dist_1ybzpk2._.js:2477
[  490357ms] [LOG] [Fast Refresh] done in 134ms @ http://localhost:3001/_next/static/chunks/node_modules_next_dist_1ybzpk2._.js:2477
[  490465ms] [LOG] [Fast Refresh] rebuilding @ http://localhost:3001/_next/static/chunks/node_modules_next_dist_1ybzpk2._.js:2477
[  490581ms] [LOG] [Fast Refresh] done in 223ms @ http://localhost:3001/_next/static/chunks/node_modules_next_dist_1ybzpk2._.js:2477
[  490698ms] [LOG] [Fast Refresh] rebuilding @ http://localhost:3001/_next/static/chunks/node_modules_next_dist_1ybzpk2._.js:2477
[  491295ms] [LOG] [Fast Refresh] done in 694ms @ http://localhost:3001/_next/static/chunks/node_modules_next_dist_1ybzpk2._.js:2477
[  491500ms] [LOG] [Fast Refresh] rebuilding @ http://localhost:3001/_next/static/chunks/node_modules_next_dist_1ybzpk2._.js:2477
[  491853ms] [LOG] [Fast Refresh] done in 455ms @ http://localhost:3001/_next/static/chunks/node_modules_next_dist_1ybzpk2._.js:2477
[  492164ms] [LOG] [Fast Refresh] rebuilding @ http://localhost:3001/_next/static/chunks/node_modules_next_dist_1ybzpk2._.js:2477
[  492222ms] [LOG] [Fast Refresh] done in 161ms @ http://localhost:3001/_next/static/chunks/node_modules_next_dist_1ybzpk2._.js:2477
[  492338ms] [LOG] [Fast Refresh] rebuilding @ http://localhost:3001/_next/static/chunks/node_modules_next_dist_1ybzpk2._.js:2477
[  496768ms] [LOG] [Fast Refresh] done in 4544ms @ http://localhost:3001/_next/static/chunks/node_modules_next_dist_1ybzpk2._.js:2477
[  496885ms] [LOG] [Fast Refresh] rebuilding @ http://localhost:3001/_next/static/chunks/node_modules_next_dist_1ybzpk2._.js:2477
[  497362ms] [LOG] [Fast Refresh] done in 590ms @ http://localhost:3001/_next/static/chunks/node_modules_next_dist_1ybzpk2._.js:2477
[  498602ms] [LOG] [Fast Refresh] rebuilding @ http://localhost:3001/_next/static/chunks/node_modules_next_dist_1ybzpk2._.js:2477
[  498690ms] [LOG] [Fast Refresh] done in 189ms @ http://localhost:3001/_next/static/chunks/node_modules_next_dist_1ybzpk2._.js:2477
[  499128ms] [LOG] [Fast Refresh] rebuilding @ http://localhost:3001/_next/static/chunks/node_modules_next_dist_1ybzpk2._.js:2477
[  499229ms] [LOG] [Fast Refresh] done in 216ms @ http://localhost:3001/_next/static/chunks/node_modules_next_dist_1ybzpk2._.js:2477
[  499804ms] [LOG] [Fast Refresh] rebuilding @ http://localhost:3001/_next/static/chunks/node_modules_next_dist_1ybzpk2._.js:2477
[  499929ms] [LOG] [Fast Refresh] done in 235ms @ http://localhost:3001/_next/static/chunks/node_modules_next_dist_1ybzpk2._.js:2477
[  500080ms] [LOG] [Fast Refresh] rebuilding @ http://localhost:3001/_next/static/chunks/node_modules_next_dist_1ybzpk2._.js:2477
[  500114ms] [LOG] [Fast Refresh] done in 138ms @ http://localhost:3001/_next/static/chunks/node_modules_next_dist_1ybzpk2._.js:2477
[  500385ms] [LOG] [Fast Refresh] rebuilding @ http://localhost:3001/_next/static/chunks/node_modules_next_dist_1ybzpk2._.js:2477
[  500512ms] [LOG] [Fast Refresh] done in 235ms @ http://localhost:3001/_next/static/chunks/node_modules_next_dist_1ybzpk2._.js:2477
[  500929ms] [LOG] [Fast Refresh] rebuilding @ http://localhost:3001/_next/static/chunks/node_modules_next_dist_1ybzpk2._.js:2477
[  501033ms] [LOG] [Fast Refresh] done in 205ms @ http://localhost:3001/_next/static/chunks/node_modules_next_dist_1ybzpk2._.js:2477
[  501560ms] [LOG] [Fast Refresh] rebuilding @ http://localhost:3001/_next/static/chunks/node_modules_next_dist_1ybzpk2._.js:2477
[  501629ms] [LOG] [Fast Refresh] done in 180ms @ http://localhost:3001/_next/static/chunks/node_modules_next_dist_1ybzpk2._.js:2477
[  501931ms] [LOG] [Fast Refresh] rebuilding @ http://localhost:3001/_next/static/chunks/node_modules_next_dist_1ybzpk2._.js:2477
[  501949ms] [LOG] [Fast Refresh] done in 123ms @ http://localhost:3001/_next/static/chunks/node_modules_next_dist_1ybzpk2._.js:2477
[  502114ms] [LOG] [Fast Refresh] rebuilding @ http://localhost:3001/_next/static/chunks/node_modules_next_dist_1ybzpk2._.js:2477
[  502146ms] [LOG] [Fast Refresh] done in 141ms @ http://localhost:3001/_next/static/chunks/node_modules_next_dist_1ybzpk2._.js:2477
[  503142ms] [LOG] [Fast Refresh] rebuilding @ http://localhost:3001/_next/static/chunks/node_modules_next_dist_1ybzpk2._.js:2477
[  503146ms] [LOG] [Fast Refresh] done in 105ms @ http://localhost:3001/_next/static/chunks/node_modules_next_dist_1ybzpk2._.js:2477
[  503357ms] [LOG] [Fast Refresh] rebuilding @ http://localhost:3001/_next/static/chunks/node_modules_next_dist_1ybzpk2._.js:2477
[  503360ms] [LOG] [Fast Refresh] done in 118ms @ http://localhost:3001/_next/static/chunks/node_modules_next_dist_1ybzpk2._.js:2477
[  503884ms] [LOG] [Fast Refresh] rebuilding @ http://localhost:3001/_next/static/chunks/node_modules_next_dist_1ybzpk2._.js:2477
[  503905ms] [LOG] [Fast Refresh] done in 130ms @ http://localhost:3001/_next/static/chunks/node_modules_next_dist_1ybzpk2._.js:2477
[  504021ms] [LOG] [Fast Refresh] rebuilding @ http://localhost:3001/_next/static/chunks/node_modules_next_dist_1ybzpk2._.js:2477
[  505071ms] [LOG] [Fast Refresh] done in 1159ms @ http://localhost:3001/_next/static/chunks/node_modules_next_dist_1ybzpk2._.js:2477
[  505212ms] [LOG] [Fast Refresh] rebuilding @ http://localhost:3001/_next/static/chunks/node_modules_next_dist_1ybzpk2._.js:2477
[  505721ms] [LOG] [Fast Refresh] done in 610ms @ http://localhost:3001/_next/static/chunks/node_modules_next_dist_1ybzpk2._.js:2477
[  506479ms] [LOG] [Fast Refresh] rebuilding @ http://localhost:3001/_next/static/chunks/node_modules_next_dist_1ybzpk2._.js:2477
[  506778ms] [LOG] [Fast Refresh] done in 408ms @ http://localhost:3001/_next/static/chunks/node_modules_next_dist_1ybzpk2._.js:2477
[  506888ms] [LOG] [Fast Refresh] rebuilding @ http://localhost:3001/_next/static/chunks/node_modules_next_dist_1ybzpk2._.js:2477
[  507808ms] [LOG] [Fast Refresh] done in 1020ms @ http://localhost:3001/_next/static/chunks/node_modules_next_dist_1ybzpk2._.js:2477
[  508041ms] [LOG] [Fast Refresh] rebuilding @ http://localhost:3001/_next/static/chunks/node_modules_next_dist_1ybzpk2._.js:2477
[  508983ms] [LOG] [Fast Refresh] done in 993ms @ http://localhost:3001/_next/static/chunks/node_modules_next_dist_1ybzpk2._.js:2477
[  509165ms] [LOG] [Fast Refresh] rebuilding @ http://localhost:3001/_next/static/chunks/node_modules_next_dist_1ybzpk2._.js:2477
[  509434ms] [LOG] [Fast Refresh] done in 370ms @ http://localhost:3001/_next/static/chunks/node_modules_next_dist_1ybzpk2._.js:2477
[  509769ms] [LOG] [Fast Refresh] rebuilding @ http://localhost:3001/_next/static/chunks/node_modules_next_dist_1ybzpk2._.js:2477
[  509786ms] [LOG] [Fast Refresh] done in 129ms @ http://localhost:3001/_next/static/chunks/node_modules_next_dist_1ybzpk2._.js:2477
[  509898ms] [LOG] [Fast Refresh] rebuilding @ http://localhost:3001/_next/static/chunks/node_modules_next_dist_1ybzpk2._.js:2477
[  510010ms] [LOG] [Fast Refresh] done in 221ms @ http://localhost:3001/_next/static/chunks/node_modules_next_dist_1ybzpk2._.js:2477
[  510127ms] [LOG] [Fast Refresh] rebuilding @ http://localhost:3001/_next/static/chunks/node_modules_next_dist_1ybzpk2._.js:2477
[  510170ms] [LOG] [Fast Refresh] done in 158ms @ http://localhost:3001/_next/static/chunks/node_modules_next_dist_1ybzpk2._.js:2477
[  510856ms] [LOG] [Fast Refresh] rebuilding @ http://localhost:3001/_next/static/chunks/node_modules_next_dist_1ybzpk2._.js:2477
[  510870ms] [LOG] [Fast Refresh] done in 117ms @ http://localhost:3001/_next/static/chunks/node_modules_next_dist_1ybzpk2._.js:2477
[  511321ms] [LOG] [Fast Refresh] rebuilding @ http://localhost:3001/_next/static/chunks/node_modules_next_dist_1ybzpk2._.js:2477
[  511338ms] [LOG] [Fast Refresh] done in 122ms @ http://localhost:3001/_next/static/chunks/node_modules_next_dist_1ybzpk2._.js:2477
[  511476ms] [LOG] [Fast Refresh] rebuilding @ http://localhost:3001/_next/static/chunks/node_modules_next_dist_1ybzpk2._.js:2477
[  511584ms] [LOG] [Fast Refresh] done in 220ms @ http://localhost:3001/_next/static/chunks/node_modules_next_dist_1ybzpk2._.js:2477
[  511912ms] [LOG] [Fast Refresh] rebuilding @ http://localhost:3001/_next/static/chunks/node_modules_next_dist_1ybzpk2._.js:2477
[  512111ms] [LOG] [Fast Refresh] done in 311ms @ http://localhost:3001/_next/static/chunks/node_modules_next_dist_1ybzpk2._.js:2477
[  512295ms] [LOG] [Fast Refresh] rebuilding @ http://localhost:3001/_next/static/chunks/node_modules_next_dist_1ybzpk2._.js:2477
[  512389ms] [LOG] [Fast Refresh] done in 195ms @ http://localhost:3001/_next/static/chunks/node_modules_next_dist_1ybzpk2._.js:2477
[  512712ms] [LOG] [Fast Refresh] rebuilding @ http://localhost:3001/_next/static/chunks/node_modules_next_dist_1ybzpk2._.js:2477
[  512914ms] [LOG] [Fast Refresh] done in 313ms @ http://localhost:3001/_next/static/chunks/node_modules_next_dist_1ybzpk2._.js:2477
[  513867ms] [LOG] [Fast Refresh] rebuilding @ http://localhost:3001/_next/static/chunks/node_modules_next_dist_1ybzpk2._.js:2477
[  514732ms] [LOG] [Fast Refresh] done in 975ms @ http://localhost:3001/_next/static/chunks/node_modules_next_dist_1ybzpk2._.js:2477
[  515151ms] [LOG] [Fast Refresh] rebuilding @ http://localhost:3001/_next/static/chunks/node_modules_next_dist_1ybzpk2._.js:2477
[  515163ms] [LOG] [Fast Refresh] done in 115ms @ http://localhost:3001/_next/static/chunks/node_modules_next_dist_1ybzpk2._.js:2477
[  515571ms] [LOG] [Fast Refresh] rebuilding @ http://localhost:3001/_next/static/chunks/node_modules_next_dist_1ybzpk2._.js:2477
[  515595ms] [LOG] [Fast Refresh] done in 130ms @ http://localhost:3001/_next/static/chunks/node_modules_next_dist_1ybzpk2._.js:2477
[  516005ms] [LOG] [Fast Refresh] rebuilding @ http://localhost:3001/_next/static/chunks/node_modules_next_dist_1ybzpk2._.js:2477
[  516017ms] [LOG] [Fast Refresh] done in 117ms @ http://localhost:3001/_next/static/chunks/node_modules_next_dist_1ybzpk2._.js:2477
[  516516ms] [LOG] [Fast Refresh] rebuilding @ http://localhost:3001/_next/static/chunks/node_modules_next_dist_1ybzpk2._.js:2477
[  516529ms] [LOG] [Fast Refresh] done in 114ms @ http://localhost:3001/_next/static/chunks/node_modules_next_dist_1ybzpk2._.js:2477
[  516980ms] [LOG] [Fast Refresh] rebuilding @ http://localhost:3001/_next/static/chunks/node_modules_next_dist_1ybzpk2._.js:2477
[  517047ms] [LOG] [Fast Refresh] done in 169ms @ http://localhost:3001/_next/static/chunks/node_modules_next_dist_1ybzpk2._.js:2477
[  517214ms] [LOG] [Fast Refresh] rebuilding @ http://localhost:3001/_next/static/chunks/node_modules_next_dist_1ybzpk2._.js:2477
[  517395ms] [LOG] [Fast Refresh] done in 294ms @ http://localhost:3001/_next/static/chunks/node_modules_next_dist_1ybzpk2._.js:2477
[  517556ms] [LOG] [Fast Refresh] rebuilding @ http://localhost:3001/_next/static/chunks/node_modules_next_dist_1ybzpk2._.js:2477
[  517587ms] [LOG] [Fast Refresh] done in 141ms @ http://localhost:3001/_next/static/chunks/node_modules_next_dist_1ybzpk2._.js:2477
[  518098ms] [LOG] [Fast Refresh] rebuilding @ http://localhost:3001/_next/static/chunks/node_modules_next_dist_1ybzpk2._.js:2477
[  518255ms] [LOG] [Fast Refresh] done in 268ms @ http://localhost:3001/_next/static/chunks/node_modules_next_dist_1ybzpk2._.js:2477
[  519210ms] [LOG] [Fast Refresh] rebuilding @ http://localhost:3001/_next/static/chunks/node_modules_next_dist_1ybzpk2._.js:2477
[  519323ms] [LOG] [Fast Refresh] done in 222ms @ http://localhost:3001/_next/static/chunks/node_modules_next_dist_1ybzpk2._.js:2477
[  519521ms] [LOG] [Fast Refresh] rebuilding @ http://localhost:3001/_next/static/chunks/node_modules_next_dist_1ybzpk2._.js:2477
[  519554ms] [LOG] [Fast Refresh] done in 149ms @ http://localhost:3001/_next/static/chunks/node_modules_next_dist_1ybzpk2._.js:2477
[  519658ms] [LOG] [Fast Refresh] rebuilding @ http://localhost:3001/_next/static/chunks/node_modules_next_dist_1ybzpk2._.js:2477
[  519696ms] [LOG] [Fast Refresh] done in 142ms @ http://localhost:3001/_next/static/chunks/node_modules_next_dist_1ybzpk2._.js:2477
[  520295ms] [LOG] [Fast Refresh] rebuilding @ http://localhost:3001/_next/static/chunks/node_modules_next_dist_1ybzpk2._.js:2477
[  520330ms] [LOG] [Fast Refresh] done in 140ms @ http://localhost:3001/_next/static/chunks/node_modules_next_dist_1ybzpk2._.js:2477
[  634107ms] [LOG] [Fast Refresh] rebuilding @ http://localhost:3001/_next/static/chunks/node_modules_next_dist_1ybzpk2._.js:2477
[  635025ms] [LOG] [Fast Refresh] done in 1004ms @ http://localhost:3001/_next/static/chunks/node_modules_next_dist_1ybzpk2._.js:2477
[  645554ms] [LOG] [Fast Refresh] rebuilding @ http://localhost:3001/_next/static/chunks/node_modules_next_dist_1ybzpk2._.js:2477
[  646345ms] [LOG] [Fast Refresh] done in 894ms @ http://localhost:3001/_next/static/chunks/node_modules_next_dist_1ybzpk2._.js:2477
[  647994ms] [LOG] [Fast Refresh] rebuilding @ http://localhost:3001/_next/static/chunks/node_modules_next_dist_1ybzpk2._.js:2477
[  648683ms] [LOG] [Fast Refresh] done in 799ms @ http://localhost:3001/_next/static/chunks/node_modules_next_dist_1ybzpk2._.js:2477
[  654573ms] [LOG] [Fast Refresh] rebuilding @ http://localhost:3001/_next/static/chunks/node_modules_next_dist_1ybzpk2._.js:2477
[  654634ms] [LOG] [Fast Refresh] done in 174ms @ http://localhost:3001/_next/static/chunks/node_modules_next_dist_1ybzpk2._.js:2477
[  654820ms] [LOG] [Fast Refresh] rebuilding @ http://localhost:3001/_next/static/chunks/node_modules_next_dist_1ybzpk2._.js:2477
[  654857ms] [LOG] [Fast Refresh] done in 146ms @ http://localhost:3001/_next/static/chunks/node_modules_next_dist_1ybzpk2._.js:2477
[  685432ms] [LOG] [Fast Refresh] rebuilding @ http://localhost:3001/_next/static/chunks/node_modules_next_dist_1ybzpk2._.js:2477
[  685960ms] [LOG] [Fast Refresh] done in 635ms @ http://localhost:3001/_next/static/chunks/node_modules_next_dist_1ybzpk2._.js:2477
[  686763ms] [LOG] [Fast Refresh] rebuilding @ http://localhost:3001/_next/static/chunks/node_modules_next_dist_1ybzpk2._.js:2477
[  686812ms] [LOG] [Fast Refresh] done in 156ms @ http://localhost:3001/_next/static/chunks/node_modules_next_dist_1ybzpk2._.js:2477
[  687598ms] [LOG] [Fast Refresh] rebuilding @ http://localhost:3001/_next/static/chunks/node_modules_next_dist_1ybzpk2._.js:2477
[  687853ms] [LOG] [Fast Refresh] done in 370ms @ http://localhost:3001/_next/static/chunks/node_modules_next_dist_1ybzpk2._.js:2477
[  687965ms] [LOG] [Fast Refresh] rebuilding @ http://localhost:3001/_next/static/chunks/node_modules_next_dist_1ybzpk2._.js:2477
[  688213ms] [LOG] [Fast Refresh] done in 358ms @ http://localhost:3001/_next/static/chunks/node_modules_next_dist_1ybzpk2._.js:2477
[  730614ms] [LOG] [Fast Refresh] rebuilding @ http://localhost:3001/_next/static/chunks/node_modules_next_dist_1ybzpk2._.js:2477
[  730724ms] [LOG] [Fast Refresh] done in 222ms @ http://localhost:3001/_next/static/chunks/node_modules_next_dist_1ybzpk2._.js:2477
[  766770ms] [LOG] [Fast Refresh] rebuilding @ http://localhost:3001/_next/static/chunks/node_modules_next_dist_1ybzpk2._.js:2477
[  767505ms] [LOG] [Fast Refresh] done in 841ms @ http://localhost:3001/_next/static/chunks/node_modules_next_dist_1ybzpk2._.js:2477
[  767649ms] [LOG] [Fast Refresh] rebuilding @ http://localhost:3001/_next/static/chunks/node_modules_next_dist_1ybzpk2._.js:2477
[  768273ms] [LOG] [Fast Refresh] done in 736ms @ http://localhost:3001/_next/static/chunks/node_modules_next_dist_1ybzpk2._.js:2477
[  768424ms] [LOG] [Fast Refresh] rebuilding @ http://localhost:3001/_next/static/chunks/node_modules_next_dist_1ybzpk2._.js:2477
[  768456ms] [LOG] [Fast Refresh] done in 146ms @ http://localhost:3001/_next/static/chunks/node_modules_next_dist_1ybzpk2._.js:2477
[  768564ms] [LOG] [Fast Refresh] rebuilding @ http://localhost:3001/_next/static/chunks/node_modules_next_dist_1ybzpk2._.js:2477
[  769149ms] [LOG] [Fast Refresh] done in 691ms @ http://localhost:3001/_next/static/chunks/node_modules_next_dist_1ybzpk2._.js:2477
[  771571ms] [LOG] [Fast Refresh] rebuilding @ http://localhost:3001/_next/static/chunks/node_modules_next_dist_1ybzpk2._.js:2477
[  771762ms] [LOG] [Fast Refresh] done in 292ms @ http://localhost:3001/_next/static/chunks/node_modules_next_dist_1ybzpk2._.js:2477
[  785531ms] [LOG] [Fast Refresh] rebuilding @ http://localhost:3001/_next/static/chunks/node_modules_next_dist_1ybzpk2._.js:2477
[  785858ms] [LOG] [Fast Refresh] done in 434ms @ http://localhost:3001/_next/static/chunks/node_modules_next_dist_1ybzpk2._.js:2477
[  794130ms] [LOG] [Fast Refresh] rebuilding @ http://localhost:3001/_next/static/chunks/node_modules_next_dist_1ybzpk2._.js:2477
[  794900ms] [LOG] [Fast Refresh] done in 868ms @ http://localhost:3001/_next/static/chunks/node_modules_next_dist_1ybzpk2._.js:2477
[  795038ms] [LOG] [Fast Refresh] rebuilding @ http://localhost:3001/_next/static/chunks/node_modules_next_dist_1ybzpk2._.js:2477
[  796005ms] [LOG] [Fast Refresh] done in 1067ms @ http://localhost:3001/_next/static/chunks/node_modules_next_dist_1ybzpk2._.js:2477
[  796278ms] [LOG] [Fast Refresh] rebuilding @ http://localhost:3001/_next/static/chunks/node_modules_next_dist_1ybzpk2._.js:2477
[  797001ms] [LOG] [Fast Refresh] done in 828ms @ http://localhost:3001/_next/static/chunks/node_modules_next_dist_1ybzpk2._.js:2477
[  799159ms] [VERBOSE] [DOM] Input elements should have autocomplete attributes (suggested: "new-password"): (More info: https://goo.gl/9p2vKq) %o @ http://localhost:3001/profesional/register:0
[  799159ms] [VERBOSE] [DOM] Input elements should have autocomplete attributes (suggested: "new-password"): (More info: https://goo.gl/9p2vKq) %o @ http://localhost:3001/profesional/register:0
[  799205ms] [INFO] %cDownload the React DevTools for a better development experience: https://react.dev/link/react-devtools font-weight:bold @ http://localhost:3001/_next/static/chunks/node_modules_next_dist_1ybzpk2._.js:2477
[  799316ms] [LOG] [HMR] connected @ http://localhost:3001/_next/static/chunks/node_modules_next_dist_1ybzpk2._.js:2477
[  799400ms] [WARNING] Image with src "https://images.pexels.com/photos/3184292/pexels-photo-3184292.jpeg?auto=compress&cs=tinysrgb&w=1260&h=900&dpr=2" has "fill" but is missing "sizes" prop. Please add it to improve page performance. Read more: https://nextjs.org/docs/api-reference/next/image#sizes @ http://localhost:3001/_next/static/chunks/node_modules_next_dist_1ybzpk2._.js:2477
[  799974ms] [INFO] %cDownload the React DevTools for a better development experience: https://react.dev/link/react-devtools font-weight:bold @ http://localhost:3001/_next/static/chunks/node_modules_next_dist_1ybzpk2._.js:2477
[  800005ms] [VERBOSE] [DOM] Input elements should have autocomplete attributes (suggested: "current-password"): (More info: https://goo.gl/9p2vKq) %o @ http://localhost:3001/profesional/login:0
[  800032ms] [LOG] [HMR] connected @ http://localhost:3001/_next/static/chunks/node_modules_next_dist_1ybzpk2._.js:2477
[  800106ms] [WARNING] Image with src "https://images.pexels.com/photos/3184292/pexels-photo-3184292.jpeg?auto=compress&cs=tinysrgb&w=1260&h=900&dpr=2" has "fill" but is missing "sizes" prop. Please add it to improve page performance. Read more: https://nextjs.org/docs/api-reference/next/image#sizes @ http://localhost:3001/_next/static/chunks/node_modules_next_dist_1ybzpk2._.js:2477
[  801838ms] [INFO] %cDownload the React DevTools for a better development experience: https://react.dev/link/react-devtools font-weight:bold @ http://localhost:3001/_next/static/chunks/node_modules_next_dist_1ybzpk2._.js:2477
[  801885ms] [LOG] [HMR] connected @ http://localhost:3001/_next/static/chunks/node_modules_next_dist_1ybzpk2._.js:2477
[  802223ms] [ERROR] A tree hydrated but some attributes of the server rendered HTML didn't match the client properties. This won't be patched up. This can happen if a SSR-ed Client Component used:

- A server/client branch `if (typeof window !== 'undefined')`.
- Variable input such as `Date.now()` or `Math.random()` which changes each time it's called.
- Date formatting in a user's locale which doesn't match the server.
- External changing data without sending a snapshot of it along with the HTML.
- Invalid HTML tag nesting.

It can also happen if the client has a browser extension installed which messes with the HTML before React loaded.

%s%s https://react.dev/link/hydration-mismatch 

  ...
    <ScrollAndMaybeFocusHandler cacheNode={{rsc:{...}, ...}}>
      <InnerScrollAndFocusHandlerOld focusAndScrollRef={{scrollRef:null, ...}} cacheNode={{rsc:{...}, ...}}>
        <ErrorBoundary errorComponent={undefined} errorStyles={undefined} errorScripts={undefined}>
          <LoadingBoundary name="/" loading={null}>
            <HTTPAccessFallbackBoundary notFound={<SegmentViewNode>} forbidden={undefined} unauthorized={undefined}>
              <HTTPAccessFallbackErrorBoundary pathname="/" notFound={<SegmentViewNode>} forbidden={undefined} ...>
                <RedirectBoundary>
                  <RedirectErrorBoundary router={{...}}>
                    <InnerLayoutRouter url="/" tree={[...]} params={{}} cacheNode={{rsc:{...}, ...}} segmentPath={[...]} ...>
                      <SegmentViewNode type="page" pagePath="page.tsx">
                        <SegmentTrieNode>
                        <HomePage>
                          <Navbar>
                            <nav className="sticky top...">
                              <div
+                               className="max-w-[90rem] mx-auto px-4 sm:px-6 h-16 flex items-center justify-between"
-                               className="max-w-[90rem] mx-auto px-6 sm:px-10 h-16 flex items-center gap-8"
                              >
                                <LinkComponent href="/" className="text-xl fo...">
                                  <a
+                                   className="text-xl font-bold text-[#1A1A2E] font-[family-name:var(--font-display)]"
-                                   className="flex-1 text-xl font-bold text-[#1A1A2E] font-[family-name:var(--font-di..."
                                    ref={function}
                                    onClick={function onClick}
                                    onMouseEnter={function onMouseEnter}
                                    onTouchStart={function onTouchStart}
                                    href="/"
                                  >
                                <div
+                                 className="hidden md:flex flex-1 max-w-xl mx-8"
-                                 className="hidden md:flex flex-[2] justify-center max-w-2xl"
                                >
                                  <div
+                                   className="flex flex-1 items-center bg-white border border-gray-200 rounded-2xl ov..."
-                                   className="flex w-full items-center bg-white border border-gray-200 rounded-2xl ov..."
                                  >
                                <AISearchDialog>
                                <div
+                                 className="hidden md:flex items-center gap-6"
-                                 className="hidden md:flex flex-1 items-center justify-end gap-6"
                                >
                                ...
                              ...
                          ...
                      ...
                    ...
        ...
 @ http://localhost:3001/_next/static/chunks/node_modules_next_dist_1ybzpk2._.js:3318
[  807561ms] [LOG] [Fast Refresh] rebuilding @ http://localhost:3001/_next/static/chunks/node_modules_next_dist_1ybzpk2._.js:2477
[  807816ms] [LOG] [Fast Refresh] done in 355ms @ http://localhost:3001/_next/static/chunks/node_modules_next_dist_1ybzpk2._.js:2477
[  835308ms] [LOG] [Fast Refresh] rebuilding @ http://localhost:3001/_next/static/chunks/node_modules_next_dist_1ybzpk2._.js:2477
[  835599ms] [LOG] [Fast Refresh] done in 391ms @ http://localhost:3001/_next/static/chunks/node_modules_next_dist_1ybzpk2._.js:2477
[  849667ms] [LOG] [Fast Refresh] rebuilding @ http://localhost:3001/_next/static/chunks/node_modules_next_dist_1ybzpk2._.js:2477
[  849839ms] [LOG] [Fast Refresh] done in 272ms @ http://localhost:3001/_next/static/chunks/node_modules_next_dist_1ybzpk2._.js:2477
[  852553ms] [LOG] [Fast Refresh] rebuilding @ http://localhost:3001/_next/static/chunks/node_modules_next_dist_1ybzpk2._.js:2477
[  852750ms] [LOG] [Fast Refresh] done in 298ms @ http://localhost:3001/_next/static/chunks/node_modules_next_dist_1ybzpk2._.js:2477
[  872941ms] [LOG] [Fast Refresh] rebuilding @ http://localhost:3001/_next/static/chunks/node_modules_next_dist_1ybzpk2._.js:2477
[  873186ms] [LOG] [Fast Refresh] done in 347ms @ http://localhost:3001/_next/static/chunks/node_modules_next_dist_1ybzpk2._.js:2477
[  881487ms] [LOG] [Fast Refresh] rebuilding @ http://localhost:3001/_next/static/chunks/node_modules_next_dist_1ybzpk2._.js:2477
[  882382ms] [LOG] [Fast Refresh] done in 996ms @ http://localhost:3001/_next/static/chunks/node_modules_next_dist_1ybzpk2._.js:2477
[  894153ms] [LOG] [Fast Refresh] rebuilding @ http://localhost:3001/_next/static/chunks/node_modules_next_dist_1ybzpk2._.js:2477
[  894954ms] [LOG] [Fast Refresh] done in 895ms @ http://localhost:3001/_next/static/chunks/node_modules_next_dist_1ybzpk2._.js:2477
[  895080ms] [LOG] [Fast Refresh] rebuilding @ http://localhost:3001/_next/static/chunks/node_modules_next_dist_1ybzpk2._.js:2477
[  895683ms] [LOG] [Fast Refresh] done in 705ms @ http://localhost:3001/_next/static/chunks/node_modules_next_dist_1ybzpk2._.js:2477
[  898579ms] [LOG] [Fast Refresh] rebuilding @ http://localhost:3001/_next/static/chunks/node_modules_next_dist_1ybzpk2._.js:2477
[  898786ms] [LOG] [Fast Refresh] done in 309ms @ http://localhost:3001/_next/static/chunks/node_modules_next_dist_1ybzpk2._.js:2477
[  901463ms] [LOG] [Fast Refresh] rebuilding @ http://localhost:3001/_next/static/chunks/node_modules_next_dist_1ybzpk2._.js:2477
[  901476ms] [LOG] [Fast Refresh] done in 115ms @ http://localhost:3001/_next/static/chunks/node_modules_next_dist_1ybzpk2._.js:2477
[  901621ms] [LOG] [Fast Refresh] rebuilding @ http://localhost:3001/_next/static/chunks/node_modules_next_dist_1ybzpk2._.js:2477
[  901625ms] [LOG] [Fast Refresh] done in 105ms @ http://localhost:3001/_next/static/chunks/node_modules_next_dist_1ybzpk2._.js:2477
[  915371ms] [LOG] [Fast Refresh] rebuilding @ http://localhost:3001/_next/static/chunks/node_modules_next_dist_1ybzpk2._.js:2477
[  915668ms] [LOG] [Fast Refresh] done in 398ms @ http://localhost:3001/_next/static/chunks/node_modules_next_dist_1ybzpk2._.js:2477
[  917212ms] [LOG] [Fast Refresh] rebuilding @ http://localhost:3001/_next/static/chunks/node_modules_next_dist_1ybzpk2._.js:2477
[  917435ms] [LOG] [Fast Refresh] done in 323ms @ http://localhost:3001/_next/static/chunks/node_modules_next_dist_1ybzpk2._.js:2477
[  917752ms] [LOG] [Fast Refresh] rebuilding @ http://localhost:3001/_next/static/chunks/node_modules_next_dist_1ybzpk2._.js:2477
[  918007ms] [LOG] [Fast Refresh] done in 356ms @ http://localhost:3001/_next/static/chunks/node_modules_next_dist_1ybzpk2._.js:2477
[  918208ms] [LOG] [Fast Refresh] rebuilding @ http://localhost:3001/_next/static/chunks/node_modules_next_dist_1ybzpk2._.js:2477
[  918234ms] [LOG] [Fast Refresh] done in 127ms @ http://localhost:3001/_next/static/chunks/node_modules_next_dist_1ybzpk2._.js:2477
[  918336ms] [LOG] [Fast Refresh] rebuilding @ http://localhost:3001/_next/static/chunks/node_modules_next_dist_1ybzpk2._.js:2477
[  918371ms] [LOG] [Fast Refresh] done in 136ms @ http://localhost:3001/_next/static/chunks/node_modules_next_dist_1ybzpk2._.js:2477
[  936670ms] [LOG] [Fast Refresh] rebuilding @ http://localhost:3001/_next/static/chunks/node_modules_next_dist_1ybzpk2._.js:2477
[  937186ms] [LOG] [Fast Refresh] done in 616ms @ http://localhost:3001/_next/static/chunks/node_modules_next_dist_1ybzpk2._.js:2477
[  968303ms] [LOG] [Fast Refresh] rebuilding @ http://localhost:3001/_next/static/chunks/node_modules_next_dist_1ybzpk2._.js:2477
[  968559ms] [LOG] [Fast Refresh] done in 358ms @ http://localhost:3001/_next/static/chunks/node_modules_next_dist_1ybzpk2._.js:2477
[ 1009393ms] [LOG] [Fast Refresh] rebuilding @ http://localhost:3001/_next/static/chunks/node_modules_next_dist_1ybzpk2._.js:2477
[ 1009950ms] [LOG] [Fast Refresh] done in 657ms @ http://localhost:3001/_next/static/chunks/node_modules_next_dist_1ybzpk2._.js:2477
[ 1054476ms] [LOG] [Fast Refresh] rebuilding @ http://localhost:3001/_next/static/chunks/node_modules_next_dist_1ybzpk2._.js:2477
[ 1054777ms] [LOG] [Fast Refresh] done in 402ms @ http://localhost:3001/_next/static/chunks/node_modules_next_dist_1ybzpk2._.js:2477
[ 1058567ms] [ERROR] WebSocket connection to 'ws://localhost:3001/_next/webpack-hmr?id=NV7WzhJeXKAU6GOH1kSsL' failed: Error in connection establishment: net::ERR_CONNECTION_REFUSED @ http://localhost:3001/_next/static/chunks/node_modules_next_dist_client_0r5nbpw._.js:13422
[ 1061907ms] [ERROR] WebSocket connection to 'ws://localhost:3001/_next/webpack-hmr?id=NV7WzhJeXKAU6GOH1kSsL' failed: Error in connection establishment: net::ERR_CONNECTION_REFUSED @ http://localhost:3001/_next/static/chunks/node_modules_next_dist_client_0r5nbpw._.js:13422
[ 1065250ms] [ERROR] WebSocket connection to 'ws://localhost:3001/_next/webpack-hmr?id=NV7WzhJeXKAU6GOH1kSsL' failed: Error in connection establishment: net::ERR_CONNECTION_REFUSED @ http://localhost:3001/_next/static/chunks/node_modules_next_dist_client_0r5nbpw._.js:13422
[ 1068600ms] [ERROR] WebSocket connection to 'ws://localhost:3001/_next/webpack-hmr?id=NV7WzhJeXKAU6GOH1kSsL' failed: Error in connection establishment: net::ERR_CONNECTION_REFUSED @ http://localhost:3001/_next/static/chunks/node_modules_next_dist_client_0r5nbpw._.js:13422
[ 1071944ms] [ERROR] WebSocket connection to 'ws://localhost:3001/_next/webpack-hmr?id=NV7WzhJeXKAU6GOH1kSsL' failed: Error in connection establishment: net::ERR_CONNECTION_REFUSED @ http://localhost:3001/_next/static/chunks/node_modules_next_dist_client_0r5nbpw._.js:13422
[ 1077268ms] [LOG] [HMR] connected @ http://localhost:3001/_next/static/chunks/node_modules_next_dist_1ybzpk2._.js:2477
[ 1083283ms] [INFO] %cDownload the React DevTools for a better development experience: https://react.dev/link/react-devtools font-weight:bold @ http://localhost:3001/_next/static/chunks/node_modules_next_dist_1ybzpk2._.js:2477
[ 1083345ms] [LOG] [HMR] connected @ http://localhost:3001/_next/static/chunks/node_modules_next_dist_1ybzpk2._.js:2477
[ 1084699ms] [LOG] [Fast Refresh] rebuilding @ http://localhost:3001/_next/static/chunks/node_modules_next_dist_1ybzpk2._.js:2477
[ 1084702ms] [LOG] [Fast Refresh] done in 118ms @ http://localhost:3001/_next/static/chunks/node_modules_next_dist_1ybzpk2._.js:2477
[ 1086901ms] [LOG] [Fast Refresh] rebuilding @ http://localhost:3001/_next/static/chunks/node_modules_next_dist_1ybzpk2._.js:2477
[ 1087043ms] [LOG] [Fast Refresh] done in 242ms @ http://localhost:3001/_next/static/chunks/node_modules_next_dist_1ybzpk2._.js:2477
[ 1759948ms] [LOG] [Fast Refresh] rebuilding @ http://localhost:3001/_next/static/chunks/node_modules_next_dist_1ybzpk2._.js:2477
[ 1759968ms] [LOG] [Fast Refresh] done in 123ms @ http://localhost:3001/_next/static/chunks/node_modules_next_dist_1ybzpk2._.js:2477
[ 1781374ms] [LOG] [Fast Refresh] rebuilding @ http://localhost:3001/_next/static/chunks/node_modules_next_dist_1ybzpk2._.js:2477
[ 1781929ms] [LOG] [Fast Refresh] done in 656ms @ http://localhost:3001/_next/static/chunks/node_modules_next_dist_1ybzpk2._.js:2477
[ 1792925ms] [LOG] [Fast Refresh] rebuilding @ http://localhost:3001/_next/static/chunks/node_modules_next_dist_1ybzpk2._.js:2477
[ 1792989ms] [LOG] [Fast Refresh] done in 165ms @ http://localhost:3001/_next/static/chunks/node_modules_next_dist_1ybzpk2._.js:2477
[ 1793846ms] [LOG] [Fast Refresh] rebuilding @ http://localhost:3001/_next/static/chunks/node_modules_next_dist_1ybzpk2._.js:2477
[ 1794627ms] [LOG] [Fast Refresh] done in 883ms @ http://localhost:3001/_next/static/chunks/node_modules_next_dist_1ybzpk2._.js:2477
[ 2318064ms] [LOG] [Fast Refresh] rebuilding @ http://localhost:3001/_next/static/chunks/node_modules_next_dist_1ybzpk2._.js:2477
[ 2318592ms] [LOG] [Fast Refresh] done in 595ms @ http://localhost:3001/_next/static/chunks/node_modules_next_dist_1ybzpk2._.js:2477
[ 2354020ms] [LOG] [Fast Refresh] rebuilding @ http://localhost:3001/_next/static/chunks/node_modules_next_dist_1ybzpk2._.js:2477
[ 2354532ms] [LOG] [Fast Refresh] done in 575ms @ http://localhost:3001/_next/static/chunks/node_modules_next_dist_1ybzpk2._.js:2477
[ 2366820ms] [LOG] [Fast Refresh] rebuilding @ http://localhost:3001/_next/static/chunks/node_modules_next_dist_1ybzpk2._.js:2477
[ 2367284ms] [LOG] [Fast Refresh] done in 528ms @ http://localhost:3001/_next/static/chunks/node_modules_next_dist_1ybzpk2._.js:2477
[ 2675179ms] [LOG] [Fast Refresh] rebuilding @ http://localhost:3001/_next/static/chunks/node_modules_next_dist_1ybzpk2._.js:2477
[ 2675539ms] [LOG] [Fast Refresh] done in 461ms @ http://localhost:3001/_next/static/chunks/node_modules_next_dist_1ybzpk2._.js:2477
